incident_id,scenario,variant,service,focus,severity,duration_min,window_min,fault_offset_min,alert_lag_min,base_cpu_usage,peak_cpu_usage,base_memory_usage,peak_memory_usage,base_request_rate,peak_request_rate,base_latency_ms,peak_latency_ms,base_error_rate,peak_error_rate,base_db_connection_utilization,peak_db_connection_utilization,base_downstream_latency_ms,peak_downstream_latency_ms,mem_rise,latency_ratio,error_delta,cpu_ratio,request_rate_ratio,db_ratio,reported_ds_ratio,reported_latency_ratio,reported_error_delta,max_error_any_service,log_records,info_logs,warn_logs,error_logs,info_share,warn_per_min_baseline,warn_per_min_incident,error_per_min_baseline,error_per_min_incident,timeout_logs_incident,timeout_per_min_baseline,timeout_per_min_incident,onset_latency,onset_error,onset_primary,onset_timeout_log,minutes_before_start_in_window,leak_minutes_to_peak,leak_slope_pct_per_min,leak_linear_r2,leak_max_step_share,spearman_mem_latency,oom_events
INC-001,DOWNSTREAM_SERVICE_TIMEOUT,network_latency,orders-api,orders-api,MEDIUM,46.7,164.0,80.75,7.933333333333334,33.96,39.48,47.3,49.86,129.78,165.75,125.7,1486.0,0.351,4.639,30.76,34.67,81.3,1604.8,2.5600000000000023,11.821797931583134,4.288,1.1625441696113072,1.277161349976884,1.127113133940182,19.739237392373923,11.821797931583134,4.288,4.639,3206,2524,467,215,0.7872738615096694,0.3793103448275862,7.491972886193364,0.8620689655172413,2.761327149482697,22,0.0,0.4709240099892972,1.2,4.2,1.2,6.4,88.68333333333334,,,,,,
INC-002,DOWNSTREAM_SERVICE_TIMEOUT,provider_degraded,payment-api,payment-api,MEDIUM,23.2,169.0,124.5,1.95,27.93,27.44,53.76,58.24,37.55,50.92,217.3,5212.9,0.148,3.252,19.76,24.49,164.0,5146.9,4.480000000000004,23.9894155545329,3.1039999999999996,0.9824561403508772,1.356058588548602,1.2393724696356274,31.383536585365853,23.9894155545329,3.1039999999999996,3.252,2178,1818,289,71,0.8347107438016529,0.27586206896551724,8.172043010752688,0.13793103448275862,1.2903225806451613,13,0.0,0.5591397849462365,0.5,0.5,0.5,0.7,126.45,,,,,,
INC-003,DB_CONNECTION_POOL_EXHAUSTION,connection_leak,recommendation-service,recommendation-service,CRITICAL,30.9,155.0,80.26666666666667,15.75,46.6,59.42,43.06,45.97,123.7,125.2,83.0,27018.1,0.237,44.663,21.78,98.21,,,2.9099999999999966,325.5192771084337,44.425999999999995,1.275107296137339,1.0121261115602262,4.509182736455463,,325.5192771084337,44.425999999999995,44.663,3012,2012,657,343,0.6679946879150066,0.5172413793103449,18.12297734627832,0.3793103448275862,9.158576051779935,182,0.034482758620689655,5.889967637540454,19.7,20.7,19.7,9.6,96.01666666666667,,,,,,
INC-004,MEMORY_LEAK,session_retention,inventory-service,inventory-service,HIGH,40.2,155.0,25.35,62.0,21.43,41.65,39.46,98.79,199.76,197.67,32.2,262.1,0.352,13.522,30.36,32.98,143.1,167.9,59.330000000000005,8.139751552795031,13.17,1.9435370975268316,0.9895374449339207,1.0862977602108037,1.1733053808525507,8.139751552795031,13.17,13.522,3336,2686,340,310,0.8051558752997602,0.5172413793103449,6.489846663903854,0.7586206896551724,5.868213841690841,1,0.0,0.02486531288852051,60.6,69.7,22.6,85.3,87.35,83.0,0.7769061455907664,0.9810547074620987,0.02978507361651714,0.8433418819338908,0.0
INC-005,DB_CONNECTION_POOL_EXHAUSTION,slow_query,orders-api,orders-api,CRITICAL,46.8,181.0,98.7,7.783333333333333,26.26,30.71,43.44,44.41,131.89,174.57,107.0,5264.3,0.481,38.267,22.19,98.84,79.9,192.6,0.9699999999999989,49.19906542056075,37.786,1.1694592536176693,1.323603002502085,4.454258675078864,2.410513141426783,49.19906542056075,37.786,38.267,4297,2538,854,905,0.5906446357924133,0.6896551724137931,14.711332858161084,0.5172413793103449,16.550249465431218,264,0.0,5.645046329294369,5.3,5.3,5.3,5.6,106.48333333333333,,,,,,
INC-006,DB_CONNECTION_POOL_EXHAUSTION,slow_query,inventory-service,inventory-service,HIGH,44.1,155.0,86.61666666666666,4.616666666666666,18.08,24.34,28.94,32.11,173.47,214.11,18.5,917.0,0.549,14.235,36.21,97.89,127.3,164.7,3.169999999999998,49.567567567567565,13.686,1.3462389380530975,1.2342768201994583,2.7033968516984257,1.2937941869599372,49.567567567567565,13.686,14.235,3825,2436,903,486,0.6368627450980392,0.5172413793103449,18.027210884353742,0.8275862068965517,9.206349206349206,236,0.0,5.351473922902494,3.4,4.4,3.4,4.6,91.23333333333333,,,,,,
INC-007,DB_CONNECTION_POOL_EXHAUSTION,pool_misconfig,orders-api,orders-api,MEDIUM,50.1,207.0,108.01666666666667,5.916666666666667,32.1,48.46,38.97,40.54,117.44,124.99,169.3,5007.0,0.528,3.163,24.14,100.0,77.7,97.7,1.5700000000000003,29.57471943295924,2.635,1.5096573208722741,1.0642881471389645,4.142502071251036,1.2574002574002574,29.57471943295924,2.635,3.163,3571,2762,636,173,0.7734528143377205,0.4827586206896552,10.28913260219342,0.8275862068965517,1.7347956131605184,16,0.0,0.3190428713858425,2.0,3.0,2.0,3.1,113.93333333333334,,,,,,
INC-008,MEMORY_LEAK,library_regression,api-gateway,orders-api,MEDIUM,29.4,150.0,26.6,64.66666666666667,35.995,55.69,49.34,96.9,90.66,97.35,145.3,902.8,0.1,5.366,37.754999999999995,43.55,91.05000000000001,158.4,47.56,6.213351686166551,5.266,1.5471593276844007,1.07379219060225,1.1534896040259568,5.265291349981903,3.2120457939273273,1.857,5.366,1995,1781,170,44,0.8927318295739348,0.3103448275862069,3.3333333333333335,0.13793103448275862,0.7823129251700681,1,0.0,0.034013605442176874,65.4,78.4,19.4,51.6,91.26666666666667,93.0,0.5076521330780625,0.9989571886245758,0.03696702373450936,0.9008651675304873,0.0
INC-009,DOWNSTREAM_SERVICE_TIMEOUT,dependency_overloaded,api-gateway,api-gateway,MEDIUM,32.0,177.0,112.68333333333334,3.3,16.4,16.24,31.07,34.29,359.21,450.81,146.4,777.3,0.445,5.089,,,125.0,2547.5,3.219999999999999,5.309426229508197,4.644,0.9902439024390244,1.2550040366359512,,20.38,5.309426229508197,4.644,5.089,4131,3139,747,245,0.7598644396030017,0.5172413793103449,18.394160583941606,0.3448275862068966,4.786235662148071,30,0.0,0.9384775808133473,0.3,1.3,0.3,2.7,115.98333333333333,,,,,,
INC-010,MEMORY_LEAK,unbounded_cache,recommendation-service,recommendation-service,CRITICAL,47.8,182.0,66.73333333333333,39.13333333333333,43.97,62.13,53.15,98.44,210.27,217.82,69.1,483.3,0.112,28.254,17.48,21.4,,,45.29,6.994211287988423,28.142000000000003,1.4130088696838754,1.035906215817758,1.2242562929061784,,6.994211287988423,28.142000000000003,28.254,3597,2771,401,425,0.7703641923825411,0.5172413793103449,6.6341123125218004,0.4827586206896552,7.073596093477503,1,0.0,0.020927799093128707,38.3,48.3,14.3,70.6,105.86666666666666,70.0,0.7008383635144194,0.9874253248816538,0.03575394181656688,0.9190854167633294,0.0
INC-011,DB_CONNECTION_POOL_EXHAUSTION,connection_leak,payment-api,payment-api,HIGH,23.7,133.0,70.26666666666667,11.983333333333333,30.39,45.55,58.17,61.41,37.89,43.99,193.4,13174.7,0.447,24.523,37.91,97.66,166.3,204.1,3.239999999999995,68.12150982419855,24.076,1.4988483053636064,1.1609923462655054,2.5761012925349513,1.227300060132291,68.12150982419855,24.076,24.523,2833,1946,482,405,0.6869043416872573,0.2413793103448276,16.01123595505618,0.5172413793103449,14.19943820224719,174,0.0,7.331460674157303,11.7,11.7,11.7,1.4,82.25,,,,,,
INC-012,DB_CONNECTION_POOL_EXHAUSTION,traffic_surge,orders-api,inventory-service,HIGH,42.8,143.0,56.733333333333334,10.966666666666667,14.21,30.24,39.72,40.85,128.19,350.37,18.4,827.8,0.053,10.965,14.46,97.09,118.9,148.4,1.1300000000000026,44.98913043478261,10.911999999999999,2.1280788177339898,2.7332085186051955,6.714384508990318,11.706434316353887,5.695276497695853,11.834999999999999,12.27,3461,2385,539,537,0.6891071944524704,0.4482758620689655,9.988304093567251,0.2413793103448276,11.017543859649123,176,0.0,4.116959064327485,7.3,7.3,7.3,8.4,67.7,,,,,,
INC-013,MEMORY_LEAK,listener_leak,api-gateway,payment-api,MEDIUM,33.8,131.0,32.25,39.43333333333333,19.92,41.5,56.94,98.09,25.85,31.54,180.8,2151.7,0.193,4.964,23.54,24.17,147.6,169.8,41.150000000000006,11.900995575221238,4.771000000000001,2.083333333333333,1.2201160541586074,1.026762956669499,6.499360613810741,4.4634937804218495,0.933,4.964,1654,1441,158,55,0.8712212817412334,0.7586206896551724,2.4,0.20689655172413793,0.7111111111111111,0,0.0,0.0,38.8,46.8,21.8,,71.68333333333334,52.0,0.8022165779712946,0.9746093171990159,0.05272108843537419,0.7380632823124043,1.0
INC-014,NORMAL,,inventory-service,inventory-service,LOW,39.7,139.0,70.53333333333333,0.0,18.94,31.31,43.81,44.62,90.67,131.31,39.4,47.3,0.255,0.357,26.16,47.52,108.0,125.7,0.8099999999999952,1.2005076142131978,0.10199999999999998,1.6531151003167897,1.4482188154847249,1.8165137614678901,1.163888888888889,1.2005076142131978,0.10199999999999998,0.882,1592,1430,102,60,0.8982412060301508,0.7586206896551724,0.7550335570469798,0.5862068965517241,0.40268456375838924,0,0.0,0.0,,,,,70.53333333333333,,,,,,
INC-015,DB_CONNECTION_POOL_EXHAUSTION,pool_misconfig,recommendation-service,recommendation-service,CRITICAL,19.3,121.0,61.06666666666667,5.116666666666666,34.36,41.72,55.11,58.07,147.94,180.06,89.1,3895.8,0.11,48.304,23.05,97.73,,,2.960000000000001,43.72390572390573,48.194,1.2142025611175786,1.21711504664053,4.239913232104121,,43.72390572390573,48.194,48.304,2458,1620,490,348,0.6590724165988608,0.4827586206896552,19.34312878133103,0.5862068965517241,12.912705272255833,139,0.0,7.208297320656871,2.9,2.9,2.9,3.0,66.18333333333334,,,,,,
INC-016,DOWNSTREAM_SERVICE_TIMEOUT,dependency_overloaded,api-gateway,api-gateway,MEDIUM,37.4,157.0,79.08333333333333,2.2666666666666666,15.24,16.56,36.76,40.24,215.57,220.49,185.8,408.1,0.297,5.471,,,116.4,949.5,3.480000000000004,2.1964477933261572,5.174,1.0866141732283463,1.0228232128774877,,8.157216494845361,2.1964477933261572,5.174,5.471,2664,1825,692,147,0.68506006006006,0.3448275862068966,15.635876840696117,0.41379310344827586,2.5167336010709502,28,0.0,0.749665327978581,0.9,0.9,0.9,1.3,81.35,,,,,,
INC-017,MEMORY_LEAK,listener_leak,recommendation-service,recommendation-service,CRITICAL,21.1,166.0,51.583333333333336,64.18333333333334,32.15,49.7,43.83,97.37,155.61,142.01,60.1,389.4,0.446,28.067,29.59,33.01,,,53.540000000000006,6.479201331114808,27.621,1.5458786936236393,0.9126020178651756,1.1155795876985468,,6.479201331114808,27.621,28.067,2282,1957,205,120,0.857581069237511,0.7586206896551724,5.260663507109005,0.3793103448275862,2.4170616113744074,1,0.0,0.04739336492890995,64.4,75.4,23.4,85.0,115.76666666666667,84.0,0.6503376978698461,0.9859114283279603,0.036638338054768876,0.7283218938281731,0.0
INC-018,MEMORY_LEAK,library_regression,payment-api,payment-api,LOW,19.7,168.0,48.3,80.55,24.48,36.37,51.8,87.05,30.4,35.33,210.0,623.2,0.339,0.548,36.42,37.73,175.1,224.2,35.25,2.967619047619048,0.20900000000000002,1.4857026143790848,1.162171052631579,1.0359692476661173,1.280411193603655,2.967619047619048,0.20900000000000002,0.791,2092,1857,137,98,0.8876673040152964,0.6206896551724138,1.775147928994083,0.8620689655172413,0.3043110735418428,0,0.034482758620689655,0.0,86.7,,27.7,,128.85,99.0,0.35433825382538253,0.9981233385231352,0.03739651727091072,0.7699965496343965,0.0
INC-019,NORMAL,,payment-api,payment-api,LOW,21.8,156.0,118.96666666666667,0.0,20.5,27.48,59.67,65.74,24.02,25.05,264.5,461.5,0.351,0.882,31.23,33.13,235.6,280.5,6.069999999999993,1.7448015122873346,0.531,1.3404878048780489,1.0428809325562032,1.0608389369196287,1.1905772495755518,1.7448015122873346,0.531,1.023,1834,1640,104,90,0.8942202835332607,0.5172413793103449,0.5958747135217723,0.5862068965517241,0.32085561497326204,0,0.0,0.0,,,,,118.96666666666667,,,,,,
INC-020,MEMORY_LEAK,listener_leak,recommendation-service,recommendation-service,HIGH,34.2,147.0,25.516666666666666,67.66666666666667,45.97,54.42,48.24,97.56,126.79,144.97,91.2,581.6,0.258,12.544,19.5,23.38,,,49.32,6.37719298245614,12.286000000000001,1.18381553186861,1.1433867024213265,1.198974358974359,,6.37719298245614,12.286000000000001,12.544,1984,1644,235,105,0.8286290322580645,0.13793103448275862,5.319045299561616,0.5862068965517241,1.9581100828056501,0,0.0,0.0,65.5,73.5,26.5,,93.18333333333334,89.0,0.5983341976375687,0.9863426080872004,0.031125299281723907,0.8308109010621134,0.0
INC-021,NORMAL,,api-gateway,api-gateway,LOW,7.5,135.0,94.88333333333334,0.0,17.97,19.18,24.43,24.93,215.62,232.97,185.2,443.3,0.313,0.715,,,146.0,175.9,0.5,2.3936285097192225,0.40199999999999997,1.067334446299388,1.0804656339857155,,1.2047945205479453,2.3936285097192225,0.40199999999999997,0.908,1828,1687,82,59,0.9228665207877462,0.3793103448275862,0.5309734513274337,0.4482758620689655,0.39823008849557523,0,0.0,0.0,-0.9,,,,94.88333333333334,,,,,,
INC-022,DOWNSTREAM_SERVICE_TIMEOUT,dependency_slow,orders-api,orders-api,HIGH,22.6,109.0,54.666666666666664,10.216666666666667,27.21,27.77,52.34,54.04,116.7,128.91,127.1,2265.1,0.632,14.144,32.94,35.37,83.2,2721.1,1.6999999999999957,17.821400472069236,13.512,1.0205806688717383,1.1046272493573264,1.0737704918032787,32.70552884615385,17.821400472069236,13.512,14.144,2122,1438,487,197,0.6776625824693685,0.6896551724137931,12.673559822747416,0.5862068965517241,5.273264401772526,37,0.0,1.6395864106351552,1.3,5.3,0.3,5.5,64.88333333333334,,,,,,
INC-023,MEMORY_LEAK,library_regression,inventory-service,inventory-service,CRITICAL,59.1,219.0,20.533333333333335,105.78333333333333,20.560000000000002,32.6,28.645,98.51,152.68,164.13,28.65,213.4,0.0645,20.639,34.195,34.99,75.69999999999999,87.3,69.86500000000001,7.448516579406633,20.5745,1.5856031128404668,1.0749934503536809,1.0232490130135985,1.1532364597093792,7.448516579406633,20.5745,20.639,3920,3452,270,198,0.8806122448979592,0.3448275862068966,2.6219340287566957,0.41379310344827586,2.2159571468846915,1,0.0,0.01691570341133352,108.5,119.5,21.5,139.4,126.31666666666666,139.0,0.4978967440029738,0.9995008002763992,0.019377063298406896,0.8000069489263004,1.0
INC-024,DB_CONNECTION_POOL_EXHAUSTION,connection_leak,payment-api,payment-api,HIGH,25.8,178.0,100.95,14.05,19.72,28.49,54.27,56.76,53.65,58.73,181.6,5871.0,0.427,9.932,37.29,99.26,194.7,234.6,2.489999999999995,32.329295154185026,9.505,1.4447261663286004,1.0946877912395154,2.661839635290963,1.2049306625577811,32.329295154185026,9.505,9.932,2846,2185,509,152,0.7677442023893183,0.6896551724137931,14.234001292824821,0.1724137931034483,3.6845507433742726,48,0.0,1.861667744020685,12.1,13.1,12.1,4.5,115.0,,,,,,
INC-025,DOWNSTREAM_SERVICE_TIMEOUT,provider_degraded,inventory-service,inventory-service,HIGH,33.4,190.0,115.18333333333334,3.7,14.24,18.31,41.09,43.67,83.26,85.42,19.8,896.2,0.28,17.473,26.62,29.95,136.4,1210.6,2.5799999999999983,45.26262626262626,17.192999999999998,1.285814606741573,1.0259428296901272,1.1250939143501126,8.875366568914956,45.26262626262626,17.192999999999998,17.473,2783,1879,592,312,0.6751706791232482,0.3793103448275862,12.837905236907732,0.5172413793103449,6.463840399002494,60,0.0,1.7955112219451372,0.8,0.8,0.8,0.9,118.88333333333334,,,,,,
INC-026,DB_CONNECTION_POOL_EXHAUSTION,pool_misconfig,orders-api,orders-api,CRITICAL,26.4,177.0,115.88333333333334,5.316666666666666,38.41,53.66,41.89,44.06,102.78,106.98,110.4,3701.4,0.339,25.872,24.9,97.52,93.0,127.9,2.1700000000000017,33.52717391304348,25.533,1.3970320229107003,1.0408639813193228,3.916465863453815,1.375268817204301,33.52717391304348,25.533,25.872,3232,2496,400,336,0.7722772277227723,0.6206896551724138,9.993690851735016,0.41379310344827586,8.782334384858045,79,0.0,2.9905362776025237,2.1,3.1,2.1,3.5,121.2,,,,,,
INC-027,DB_CONNECTION_POOL_EXHAUSTION,traffic_surge,recommendation-service,recommendation-service,MEDIUM,39.3,191.0,113.4,7.483333333333333,40.64,60.24,45.06,46.48,136.62,245.72,96.3,5508.7,0.593,4.824,28.35,97.41,,,1.4199999999999946,57.203530633437175,4.231,1.4822834645669292,1.798565363782755,3.4359788359788355,,57.203530633437175,4.231,4.824,3241,2521,553,167,0.7778463437210738,0.4482758620689655,11.414012738853502,0.5862068965517241,2.2420382165605095,47,0.0,1.197452229299363,7.6,7.6,7.6,7.6,120.88333333333334,,,,,,
INC-028,MEMORY_LEAK,session_retention,orders-api,orders-api,MEDIUM,25.1,147.0,44.85,56.916666666666664,25.5,40.69,40.81,99.6,120.78,117.35,128.4,919.1,0.119,1.512,31.99,36.39,77.9,86.9,58.78999999999999,7.15809968847352,1.393,1.595686274509804,0.9716012584865044,1.1375429821819318,1.1155327342747112,7.15809968847352,1.393,1.512,1853,1675,145,33,0.9039395574743659,0.6896551724137931,1.9534883720930234,0.27586206896551724,0.3588039867109635,0,0.0,0.0,51.1,63.1,16.1,,101.76666666666667,64.0,0.9079440559440561,0.9821693778861269,0.029461852861035493,0.4866288627603684,1.0
INC-029,NORMAL,,inventory-service,inventory-service,MEDIUM,29.9,163.0,114.16666666666667,0.0,21.1,24.74,33.49,34.8,195.2,203.85,22.7,137.6,0.084,0.172,28.75,32.33,139.4,383.2,1.3099999999999952,6.061674008810573,0.08799999999999998,1.172511848341232,1.044313524590164,1.1245217391304347,2.748923959827833,6.061674008810573,0.08799999999999998,0.85,2354,2204,107,43,0.9362786745964317,0.6206896551724138,1.1371237458193981,0.3793103448275862,0.26755852842809363,0,0.0,0.0,-0.2,,,,114.16666666666667,,,,,,
INC-030,DOWNSTREAM_SERVICE_TIMEOUT,provider_degraded,payment-api,payment-api,CRITICAL,30.6,189.0,123.85,2.3333333333333335,31.51,32.99,56.21,57.53,39.31,48.64,217.1,8274.6,0.264,40.738,24.45,79.15,222.8,8277.2,1.3200000000000003,38.11423307231691,40.474,1.046969216121866,1.2373441872297124,3.2372188139059306,37.150807899461405,38.11423307231691,40.474,40.738,4714,2657,929,1128,0.5636402206194315,0.4827586206896552,22.193126022913255,0.5517241379310345,28.67430441898527,362,0.0,11.849427168576105,0.1,1.1,0.1,1.3,126.18333333333334,,,,,,
INC-031,DOWNSTREAM_SERVICE_TIMEOUT,network_latency,orders-api,orders-api,CRITICAL,40.4,146.0,66.46666666666667,2.033333333333333,33.43,35.99,45.71,48.42,63.65,82.87,103.3,947.1,0.709,17.934,27.68,32.93,114.5,936.9,2.710000000000001,9.168441432720233,17.225,1.076577924020341,1.3019638648860958,1.1896676300578035,8.182532751091703,9.168441432720233,17.225,17.934,1998,1378,360,260,0.6896896896896897,0.6551724137931034,6.356141797197033,0.3103448275862069,5.243198680956307,88,0.0,2.1764220939818633,0.5,0.5,0.5,2.4,68.5,,,,,,
INC-032,DOWNSTREAM_SERVICE_TIMEOUT,provider_degraded,inventory-service,inventory-service,MEDIUM,40.7,185.0,110.06666666666666,6.65,15.37,18.89,38.4,41.79,214.01,281.6,26.1,1797.3,0.145,6.803,23.27,29.71,80.5,2244.2,3.3900000000000006,68.86206896551724,6.658,1.229017566688354,1.3158263632540537,1.2767511817791148,27.878260869565214,68.86206896551724,6.658,16.749,4209,3200,533,476,0.7602755999049655,0.5172413793103449,8.796068796068795,0.4827586206896552,9.312039312039312,97,0.0,2.383292383292383,0.9,6.9,0.9,4.1,116.71666666666667,,,,,,
INC-033,NORMAL,,orders-api,orders-api,LOW,33.0,176.0,112.53333333333333,0.0,38.46,39.79,44.38,44.84,55.6,55.46,93.9,129.4,0.566,0.898,20.02,22.5,94.9,140.6,0.46000000000000085,1.3780617678381257,0.3320000000000001,1.0345813832553301,0.9974820143884892,1.123876123876124,1.4815595363540568,1.3780617678381257,0.3320000000000001,0.898,1782,1621,104,57,0.909652076318743,0.5862068965517241,0.8181818181818182,0.2413793103448276,0.3939393939393939,0,0.0,0.0,,,,,112.53333333333333,,,,,,
INC-034,MEMORY_LEAK,unbounded_cache,orders-api,orders-api,CRITICAL,47.3,208.0,89.61666666666666,38.31666666666667,37.04,58.67,39.11,99.5,91.38,98.33,98.3,331.7,0.318,16.835,32.1,35.58,106.8,145.3,60.39,3.3743641912512716,16.517,1.583963282937365,1.076056029765813,1.108411214953271,1.360486891385768,3.3743641912512716,16.517,16.835,3163,2646,248,269,0.8365475814100537,0.41379310344827586,3.594080338266385,0.5517241379310345,4.016913319238901,3,0.0,0.06342494714587739,50.4,45.4,10.4,59.0,127.93333333333334,62.0,1.0398862327188947,0.9952468027371689,0.032365145228215694,0.9220877244704724,0.0
INC-035,DOWNSTREAM_SERVICE_TIMEOUT,dependency_slow,orders-api,orders-api,HIGH,32.5,140.0,69.66666666666667,2.566666666666667,37.65,41.62,44.46,45.7,63.32,82.72,140.8,1792.1,0.035,18.91,31.85,73.16,90.3,2063.8,1.240000000000002,12.727982954545453,18.875,1.1054448871181939,1.3063802905874922,2.2970172684458396,22.854928017718716,12.727982954545453,18.875,18.91,2205,1569,447,189,0.7115646258503401,0.3793103448275862,10.17939518195797,0.41379310344827586,4.15171706817017,59,0.0,1.814454126089185,0.3,1.3,0.3,1.3,72.23333333333333,,,,,,
