scenario,phase,metric,n,mean,std,min,max
DB_CONNECTION_POOL_EXHAUSTION,baseline,cpu_usage,290,30.117034482758623,10.201569193641125,11.58,50.72
DB_CONNECTION_POOL_EXHAUSTION,baseline,memory_usage,290,44.845896551724145,8.385560298021401,28.06,58.99
DB_CONNECTION_POOL_EXHAUSTION,baseline,request_rate,290,114.87120689655173,39.391497601810556,35.27,182.61
DB_CONNECTION_POOL_EXHAUSTION,baseline,latency_ms,290,107.42999999999999,58.17556857089334,16.4,212.0
DB_CONNECTION_POOL_EXHAUSTION,baseline,error_rate,290,0.36736896551724135,0.23800348577518918,0.0,0.972
DB_CONNECTION_POOL_EXHAUSTION,baseline,db_connection_utilization,290,27.11406896551724,7.579071940753471,10.45,43.08
DB_CONNECTION_POOL_EXHAUSTION,baseline,downstream_latency_ms,203,123.08522167487686,42.72050865483514,62.0,218.6
DB_CONNECTION_POOL_EXHAUSTION,incident,cpu_usage,349,38.38656160458453,13.038447243988399,16.25,60.24
DB_CONNECTION_POOL_EXHAUSTION,incident,memory_usage,349,44.047478510028654,8.026731270460367,30.17,61.41
DB_CONNECTION_POOL_EXHAUSTION,incident,request_rate,349,155.70733524355302,77.7135146758977,38.81,350.37
DB_CONNECTION_POOL_EXHAUSTION,incident,latency_ms,349,4951.7656160458455,5346.394871734036,72.1,27018.1
DB_CONNECTION_POOL_EXHAUSTION,incident,error_rate,349,15.125719197707737,12.24949354271871,0.212,48.304
DB_CONNECTION_POOL_EXHAUSTION,incident,db_connection_utilization,349,97.07194842406876,2.1600564561797926,77.1,100.0
DB_CONNECTION_POOL_EXHAUSTION,incident,downstream_latency_ms,260,134.50653846153844,41.37347549406473,68.6,234.6
MEMORY_LEAK,baseline,cpu_usage,270,30.864814814814814,9.337227154360212,17.74,48.98
MEMORY_LEAK,baseline,memory_usage,270,45.67781481481481,7.666229864628778,27.35,57.75
MEMORY_LEAK,baseline,request_rate,270,117.7185925925926,61.01156938446457,23.61,226.42
MEMORY_LEAK,baseline,latency_ms,270,110.93037037037038,62.2860707802733,25.5,366.5
MEMORY_LEAK,baseline,error_rate,270,0.2364814814814815,0.17101998195614548,0.0,0.915
MEMORY_LEAK,baseline,db_connection_utilization,270,29.288925925925927,6.9289365734651005,13.55,41.75
MEMORY_LEAK,baseline,downstream_latency_ms,187,118.9572192513369,37.967153160430456,60.0,210.9
MEMORY_LEAK,incident,cpu_usage,358,39.710307262569835,13.217001535794797,14.43,62.13
MEMORY_LEAK,incident,memory_usage,358,84.45843575418995,19.049675951280697,27.72,99.6
MEMORY_LEAK,incident,request_rate,358,120.02569832402234,53.324279043465516,14.79,217.82
MEMORY_LEAK,incident,latency_ms,358,313.75977653631287,222.78229063774046,21.6,2151.7
MEMORY_LEAK,incident,error_rate,358,6.436743016759776,7.498736714589133,0.041,28.254
MEMORY_LEAK,incident,db_connection_utilization,358,28.083854748603354,6.8437801569005545,14.44,43.55
MEMORY_LEAK,incident,downstream_latency_ms,255,111.03254901960786,38.54832225906504,54.0,224.2
DOWNSTREAM_SERVICE_TIMEOUT,baseline,cpu_usage,290,25.35489655172414,8.806427514048798,7.76,42.54
DOWNSTREAM_SERVICE_TIMEOUT,baseline,memory_usage,290,44.67941379310344,7.6763348197019745,30.37,56.92
DOWNSTREAM_SERVICE_TIMEOUT,baseline,request_rate,290,131.97127586206895,98.02144479067309,31.69,410.52
DOWNSTREAM_SERVICE_TIMEOUT,baseline,latency_ms,290,134.22689655172414,69.97276311944938,17.6,381.8
DOWNSTREAM_SERVICE_TIMEOUT,baseline,error_rate,290,0.33888620689655174,0.24094657080378293,0.0,1.145
DOWNSTREAM_SERVICE_TIMEOUT,baseline,db_connection_utilization,232,27.121810344827587,4.645575672813927,15.79,35.67
DOWNSTREAM_SERVICE_TIMEOUT,baseline,downstream_latency_ms,290,123.48551724137933,45.34260045279164,63.3,277.3
DOWNSTREAM_SERVICE_TIMEOUT,incident,cpu_usage,339,24.32997050147493,9.986536661734572,9.59,41.62
DOWNSTREAM_SERVICE_TIMEOUT,incident,memory_usage,339,45.54327433628319,6.94009525058834,32.22,58.24
DOWNSTREAM_SERVICE_TIMEOUT,incident,request_rate,339,149.31731563421832,108.69622380741566,39.73,450.81
DOWNSTREAM_SERVICE_TIMEOUT,incident,latency_ms,339,1812.3339233038346,2179.944527970663,362.0,8274.6
DOWNSTREAM_SERVICE_TIMEOUT,incident,error_rate,339,10.100970501474928,9.715676244740681,0.0,40.738
DOWNSTREAM_SERVICE_TIMEOUT,incident,db_connection_utilization,270,36.76737037037037,19.242062452054984,13.35,79.15
DOWNSTREAM_SERVICE_TIMEOUT,incident,downstream_latency_ms,339,2203.1693215339237,2079.9071483321713,695.7,8277.2
NORMAL,baseline,cpu_usage,145,23.43586206896552,7.828030260456374,13.5,43.61
NORMAL,baseline,memory_usage,145,41.147379310344824,11.865705954831066,22.9,60.09
NORMAL,baseline,request_rate,145,115.69668965517242,76.77989006329838,22.44,229.11
NORMAL,baseline,latency_ms,145,122.25103448275863,92.69488712769899,20.0,299.8
NORMAL,baseline,error_rate,145,0.31478620689655173,0.2066123647143935,0.006,0.922
NORMAL,baseline,db_connection_utilization,116,26.398965517241376,4.6695109844161635,14.34,33.94
NORMAL,baseline,downstream_latency_ms,145,145.70620689655175,52.376151831261346,83.2,301.8
NORMAL,incident,cpu_usage,133,24.648496240601503,7.9118970157758834,14.71,39.79
NORMAL,incident,memory_usage,133,43.1206015037594,9.547054579848373,24.32,65.74
NORMAL,incident,request_rate,133,102.42563909774435,66.11216196454582,22.02,232.97
NORMAL,incident,latency_ms,133,104.79849624060148,101.61995001054576,20.2,461.5
NORMAL,incident,error_rate,133,0.27062406015037593,0.20554512154872762,0.0,0.898
NORMAL,incident,db_connection_utilization,125,26.97696,6.945094953251353,16.36,47.52
NORMAL,incident,downstream_latency_ms,133,145.09548872180451,62.481192157589184,81.2,383.2
