timestamp,incident_id,service,cpu_usage,memory_usage,request_rate,latency_ms,error_rate,db_connection_utilization,downstream_latency_ms
2026-01-20T12:46:00,INC-005,api-gateway,21.61,35.87,410.70,171.0,0.366,,203.7
2026-01-20T12:46:00,INC-005,database,30.27,64.60,1299.58,2.4,0.031,37.84,
2026-01-20T12:46:00,INC-005,inventory-service,17.66,36.39,148.32,40.0,0.608,22.58,106.0
2026-01-20T12:46:00,INC-005,orders-api,27.15,44.15,170.89,101.2,0.311,21.53,91.5
2026-01-20T12:46:00,INC-005,payment-api,30.97,46.86,38.87,243.9,0.257,38.70,131.6
2026-01-20T12:46:00,INC-005,recommendation-service,40.44,48.91,241.32,94.2,0.186,30.22,
2026-01-20T12:47:00,INC-005,api-gateway,20.17,35.69,409.05,149.9,0.344,,201.1
2026-01-20T12:47:00,INC-005,database,32.17,64.78,1334.88,2.8,0.042,37.82,
2026-01-20T12:47:00,INC-005,inventory-service,15.74,36.12,149.88,39.8,0.413,20.03,94.0
2026-01-20T12:47:00,INC-005,orders-api,28.75,43.61,176.03,112.1,0.467,21.17,87.4
2026-01-20T12:47:00,INC-005,payment-api,29.27,46.09,40.13,232.1,0.163,39.07,130.8
2026-01-20T12:47:00,INC-005,recommendation-service,40.05,49.34,240.44,89.7,0.246,29.65,
2026-01-20T12:48:00,INC-005,api-gateway,19.68,35.75,393.66,152.4,0.262,,204.1
2026-01-20T12:48:00,INC-005,database,33.85,64.37,1318.65,2.8,0.033,36.16,
2026-01-20T12:48:00,INC-005,inventory-service,16.26,36.11,148.36,36.0,0.400,22.94,103.3
2026-01-20T12:48:00,INC-005,orders-api,26.77,42.87,168.19,106.0,0.383,23.51,72.5
2026-01-20T12:48:00,INC-005,payment-api,27.39,45.94,38.20,234.8,0.253,38.65,120.8
2026-01-20T12:48:00,INC-005,recommendation-service,40.44,49.03,228.14,86.2,0.256,28.97,
2026-01-20T12:49:00,INC-005,api-gateway,20.87,35.94,389.58,159.0,0.176,,210.8
2026-01-20T12:49:00,INC-005,database,31.66,64.07,1327.07,2.5,0.032,36.71,
2026-01-20T12:49:00,INC-005,inventory-service,16.77,35.72,146.88,38.9,0.401,20.77,106.8
2026-01-20T12:49:00,INC-005,orders-api,26.96,42.47,171.14,108.4,0.312,26.27,65.4
2026-01-20T12:49:00,INC-005,payment-api,27.74,46.52,37.31,232.9,0.101,36.94,125.7
2026-01-20T12:49:00,INC-005,recommendation-service,41.36,49.82,215.83,81.2,0.165,25.95,
2026-01-20T12:50:00,INC-005,api-gateway,20.59,36.73,396.45,146.6,0.181,,204.0
2026-01-20T12:50:00,INC-005,database,28.47,64.67,1321.68,2.5,0.015,36.11,
2026-01-20T12:50:00,INC-005,inventory-service,18.18,36.08,142.61,38.7,0.367,19.67,98.9
2026-01-20T12:50:00,INC-005,orders-api,29.52,43.17,160.01,109.9,0.239,23.82,70.6
2026-01-20T12:50:00,INC-005,payment-api,26.52,46.97,35.57,246.6,0.235,37.91,131.5
2026-01-20T12:50:00,INC-005,recommendation-service,41.59,49.43,223.06,76.9,0.142,28.07,
2026-01-20T12:51:00,INC-005,api-gateway,20.04,36.79,391.04,147.0,0.332,,207.5
2026-01-20T12:51:00,INC-005,database,28.43,64.82,1314.99,2.5,0.023,37.03,
2026-01-20T12:51:00,INC-005,inventory-service,16.44,36.51,148.47,39.6,0.419,20.47,101.8
2026-01-20T12:51:00,INC-005,orders-api,28.51,43.34,160.10,101.4,0.304,23.83,69.5
2026-01-20T12:51:00,INC-005,payment-api,25.18,47.67,34.47,261.7,0.300,39.34,127.3
2026-01-20T12:51:00,INC-005,recommendation-service,41.06,48.69,234.02,79.6,0.082,27.77,
2026-01-20T12:52:00,INC-005,api-gateway,21.13,36.67,376.82,149.5,0.261,,247.7
2026-01-20T12:52:00,INC-005,database,30.06,64.42,1385.44,2.5,0.020,39.13,
2026-01-20T12:52:00,INC-005,inventory-service,14.22,36.86,140.05,40.4,0.365,21.50,107.4
2026-01-20T12:52:00,INC-005,orders-api,31.36,43.35,158.46,112.8,0.305,24.98,76.7
2026-01-20T12:52:00,INC-005,payment-api,26.77,47.49,34.82,230.3,0.233,41.05,125.8
2026-01-20T12:52:00,INC-005,recommendation-service,40.29,48.51,223.31,85.4,0.126,25.14,
2026-01-20T12:53:00,INC-005,api-gateway,20.12,36.73,388.68,153.0,0.365,,232.1
2026-01-20T12:53:00,INC-005,database,28.57,63.97,1368.84,2.5,0.030,38.17,
2026-01-20T12:53:00,INC-005,inventory-service,15.07,36.56,139.15,38.6,0.404,22.73,113.3
2026-01-20T12:53:00,INC-005,orders-api,30.36,43.11,161.08,121.1,0.162,24.64,78.6
2026-01-20T12:53:00,INC-005,payment-api,28.32,47.31,33.31,223.5,0.322,39.80,128.6
2026-01-20T12:53:00,INC-005,recommendation-service,41.34,48.28,219.16,84.0,0.179,25.87,
2026-01-20T12:54:00,INC-005,api-gateway,19.30,37.13,366.72,149.8,0.325,,198.1
2026-01-20T12:54:00,INC-005,database,31.75,65.13,1307.85,2.6,0.019,39.25,
2026-01-20T12:54:00,INC-005,inventory-service,15.08,35.99,135.93,39.3,0.583,21.32,99.4
2026-01-20T12:54:00,INC-005,orders-api,28.34,42.91,156.93,112.1,0.132,24.38,81.3
2026-01-20T12:54:00,INC-005,payment-api,27.35,47.74,34.36,218.5,0.590,40.47,138.8
2026-01-20T12:54:00,INC-005,recommendation-service,40.27,48.30,212.53,84.8,0.269,25.93,
2026-01-20T12:55:00,INC-005,api-gateway,19.77,37.42,365.46,137.5,0.341,,207.5
2026-01-20T12:55:00,INC-005,database,29.63,64.68,1314.70,2.6,0.020,41.38,
2026-01-20T12:55:00,INC-005,inventory-service,16.17,36.39,139.86,41.7,0.545,20.02,100.1
2026-01-20T12:55:00,INC-005,orders-api,27.00,43.26,149.85,113.1,0.103,22.69,91.5
2026-01-20T12:55:00,INC-005,payment-api,28.56,47.08,32.25,252.2,0.600,41.44,136.2
2026-01-20T12:55:00,INC-005,recommendation-service,41.51,48.75,212.29,88.7,0.273,29.79,
2026-01-20T12:56:00,INC-005,api-gateway,21.29,36.04,366.30,133.8,0.452,,189.0
2026-01-20T12:56:00,INC-005,database,27.41,64.27,1284.03,2.5,0.014,37.62,
2026-01-20T12:56:00,INC-005,inventory-service,14.03,36.37,137.78,40.5,0.455,19.45,96.7
2026-01-20T12:56:00,INC-005,orders-api,25.32,43.37,154.19,124.6,0.372,22.45,81.4
2026-01-20T12:56:00,INC-005,payment-api,28.51,47.25,31.65,232.1,0.330,41.39,125.1
2026-01-20T12:56:00,INC-005,recommendation-service,40.78,48.91,202.89,91.3,0.291,28.97,
2026-01-20T12:57:00,INC-005,api-gateway,18.36,36.08,351.45,151.8,0.466,,187.8
2026-01-20T12:57:00,INC-005,database,27.86,64.26,1276.27,2.4,0.029,36.40,
2026-01-20T12:57:00,INC-005,inventory-service,14.00,36.93,132.53,40.6,0.524,18.10,100.8
2026-01-20T12:57:00,INC-005,orders-api,25.82,43.10,151.37,120.3,0.422,23.97,72.0
2026-01-20T12:57:00,INC-005,payment-api,28.48,46.71,31.58,225.3,0.354,40.52,125.7
2026-01-20T12:57:00,INC-005,recommendation-service,40.28,48.34,195.46,215.6,0.642,28.07,
2026-01-20T12:58:00,INC-005,api-gateway,18.20,36.78,366.72,147.3,0.437,,175.0
2026-01-20T12:58:00,INC-005,database,26.37,63.66,1198.35,2.4,0.020,40.85,
2026-01-20T12:58:00,INC-005,inventory-service,13.42,37.27,139.09,38.3,0.466,21.01,111.2
2026-01-20T12:58:00,INC-005,orders-api,27.02,43.08,141.36,114.6,0.496,23.85,71.3
2026-01-20T12:58:00,INC-005,payment-api,29.66,46.79,32.87,227.9,0.299,40.76,130.7
2026-01-20T12:58:00,INC-005,recommendation-service,39.05,48.57,204.58,92.2,0.343,24.77,
2026-01-20T12:59:00,INC-005,api-gateway,20.22,35.87,358.83,158.9,0.504,,161.9
2026-01-20T12:59:00,INC-005,database,27.18,63.45,1191.75,2.4,0.016,39.11,
2026-01-20T12:59:00,INC-005,inventory-service,14.28,37.18,135.63,36.4,0.429,21.82,113.1
2026-01-20T12:59:00,INC-005,orders-api,26.81,42.80,143.66,118.4,0.564,23.85,72.6
2026-01-20T12:59:00,INC-005,payment-api,30.14,46.40,32.32,233.6,0.461,40.16,126.1
2026-01-20T12:59:00,INC-005,recommendation-service,38.64,48.91,198.68,87.8,0.370,22.93,
2026-01-20T13:00:00,INC-005,api-gateway,19.73,35.65,364.71,164.0,0.424,,158.9
2026-01-20T13:00:00,INC-005,database,28.65,63.70,1254.73,2.4,0.014,37.12,
2026-01-20T13:00:00,INC-005,inventory-service,14.93,37.32,137.50,38.6,0.236,22.49,110.6
2026-01-20T13:00:00,INC-005,orders-api,25.70,42.85,146.40,109.3,0.511,21.30,74.6
2026-01-20T13:00:00,INC-005,payment-api,28.64,46.28,34.82,248.8,0.316,37.03,138.6
2026-01-20T13:00:00,INC-005,recommendation-service,39.55,49.46,211.09,94.6,0.430,24.33,
2026-01-20T13:01:00,INC-005,api-gateway,20.76,36.09,379.54,172.5,0.364,,154.5
2026-01-20T13:01:00,INC-005,database,29.74,64.03,1206.76,2.3,0.006,38.77,
2026-01-20T13:01:00,INC-005,inventory-service,14.05,36.84,137.62,38.4,0.134,23.05,114.9
2026-01-20T13:01:00,INC-005,orders-api,26.25,43.47,148.94,106.4,0.542,21.93,81.5
2026-01-20T13:01:00,INC-005,payment-api,26.27,46.78,31.54,261.2,0.306,34.50,143.1
2026-01-20T13:01:00,INC-005,recommendation-service,40.69,49.89,213.95,96.8,0.276,25.72,
2026-01-20T13:02:00,INC-005,api-gateway,22.05,36.39,387.38,161.4,0.522,,146.6
2026-01-20T13:02:00,INC-005,database,29.66,64.47,1281.11,2.3,0.012,38.92,
2026-01-20T13:02:00,INC-005,inventory-service,14.49,36.63,137.51,40.4,0.312,23.24,107.7
2026-01-20T13:02:00,INC-005,orders-api,26.71,43.59,145.18,105.7,0.390,18.33,82.0
2026-01-20T13:02:00,INC-005,payment-api,26.21,46.29,32.01,250.0,0.173,37.44,154.2
2026-01-20T13:02:00,INC-005,recommendation-service,40.88,49.64,224.32,92.1,0.185,27.58,
2026-01-20T13:03:00,INC-005,api-gateway,23.13,37.26,386.35,155.6,0.505,,153.9
2026-01-20T13:03:00,INC-005,database,31.06,64.70,1211.83,2.4,0.006,38.50,
2026-01-20T13:03:00,INC-005,inventory-service,14.36,37.27,131.65,38.3,0.387,24.42,105.1
2026-01-20T13:03:00,INC-005,orders-api,25.23,42.81,140.78,101.1,0.282,19.62,76.8
2026-01-20T13:03:00,INC-005,payment-api,28.93,46.70,31.72,234.6,0.302,37.98,141.7
2026-01-20T13:03:00,INC-005,recommendation-service,40.88,49.76,213.10,80.7,0.218,29.21,
2026-01-20T13:04:00,INC-005,api-gateway,22.41,37.38,381.22,146.5,0.423,,185.6
2026-01-20T13:04:00,INC-005,database,28.79,64.67,1141.80,2.7,0.016,35.84,
2026-01-20T13:04:00,INC-005,inventory-service,14.85,37.23,130.34,35.3,0.480,23.52,99.3
2026-01-20T13:04:00,INC-005,orders-api,26.36,42.52,140.65,98.2,0.443,20.81,69.8
2026-01-20T13:04:00,INC-005,payment-api,28.48,47.17,29.74,234.4,0.178,37.17,143.4
2026-01-20T13:04:00,INC-005,recommendation-service,41.19,48.99,204.46,80.3,0.227,29.69,
2026-01-20T13:05:00,INC-005,api-gateway,21.81,37.60,355.18,158.6,0.397,,190.0
2026-01-20T13:05:00,INC-005,database,29.25,64.77,1172.95,3.4,0.117,36.28,
2026-01-20T13:05:00,INC-005,inventory-service,14.82,36.48,134.66,35.1,0.443,22.07,100.6
2026-01-20T13:05:00,INC-005,orders-api,28.11,42.86,134.39,93.3,0.627,21.30,81.7
2026-01-20T13:05:00,INC-005,payment-api,29.11,47.12,30.15,238.5,0.175,37.99,138.0
2026-01-20T13:05:00,INC-005,recommendation-service,42.78,48.70,203.92,78.5,0.200,26.43,
2026-01-20T13:06:00,INC-005,api-gateway,20.37,38.22,347.93,151.6,0.372,,179.5
2026-01-20T13:06:00,INC-005,database,27.21,64.49,1113.73,2.5,0.010,35.71,
2026-01-20T13:06:00,INC-005,inventory-service,14.65,36.66,129.05,37.1,0.336,23.43,108.8
2026-01-20T13:06:00,INC-005,orders-api,30.23,42.58,135.24,87.1,0.676,24.30,78.8
2026-01-20T13:06:00,INC-005,payment-api,28.70,46.82,30.38,240.8,0.248,39.29,135.9
2026-01-20T13:06:00,INC-005,recommendation-service,41.60,48.43,203.22,84.2,0.172,27.98,
2026-01-20T13:07:00,INC-005,api-gateway,19.06,37.74,339.90,136.0,0.213,,184.4
2026-01-20T13:07:00,INC-005,database,28.13,64.27,1096.08,2.4,0.021,34.51,
2026-01-20T13:07:00,INC-005,inventory-service,14.11,36.40,122.11,37.3,0.462,21.73,101.5
2026-01-20T13:07:00,INC-005,orders-api,29.07,42.13,131.90,88.2,0.324,24.20,75.9
2026-01-20T13:07:00,INC-005,payment-api,28.78,46.46,29.80,234.9,0.177,41.70,130.2
2026-01-20T13:07:00,INC-005,recommendation-service,44.02,47.95,191.40,77.5,0.251,25.13,
2026-01-20T13:08:00,INC-005,api-gateway,19.12,37.05,348.60,137.5,0.238,,183.9
2026-01-20T13:08:00,INC-005,database,27.87,64.75,1068.83,2.5,0.012,34.57,
2026-01-20T13:08:00,INC-005,inventory-service,13.88,36.55,120.63,36.0,0.495,22.01,104.7
2026-01-20T13:08:00,INC-005,orders-api,29.13,42.34,124.29,88.0,0.343,22.63,79.4
2026-01-20T13:08:00,INC-005,payment-api,30.06,46.23,30.33,222.9,0.197,42.77,121.0
2026-01-20T13:08:00,INC-005,recommendation-service,42.11,48.20,203.19,74.7,0.169,26.23,
2026-01-20T13:09:00,INC-005,api-gateway,18.35,36.99,335.38,144.6,0.326,,179.5
2026-01-20T13:09:00,INC-005,database,26.26,65.21,1123.91,2.5,0.014,33.70,
2026-01-20T13:09:00,INC-005,inventory-service,14.15,36.69,122.08,34.4,0.466,20.76,99.9
2026-01-20T13:09:00,INC-005,orders-api,31.02,42.46,134.36,94.2,0.414,22.03,81.1
2026-01-20T13:09:00,INC-005,payment-api,30.01,45.95,28.78,231.2,0.393,40.21,127.1
2026-01-20T13:09:00,INC-005,recommendation-service,41.50,48.88,191.65,75.5,0.271,27.91,
2026-01-20T13:10:00,INC-005,api-gateway,19.17,37.28,337.77,124.1,0.296,,177.1
2026-01-20T13:10:00,INC-005,database,26.68,64.86,1132.38,2.4,0.017,35.67,
2026-01-20T13:10:00,INC-005,inventory-service,15.12,36.47,124.92,36.0,0.404,22.89,105.3
2026-01-20T13:10:00,INC-005,orders-api,28.66,42.96,137.91,104.0,0.154,24.93,82.2
2026-01-20T13:10:00,INC-005,payment-api,27.29,46.27,27.85,256.3,0.420,39.63,133.5
2026-01-20T13:10:00,INC-005,recommendation-service,40.84,49.04,197.17,84.6,0.262,28.20,
2026-01-20T13:11:00,INC-005,api-gateway,20.72,36.25,344.72,131.1,0.206,,181.4
2026-01-20T13:11:00,INC-005,database,26.37,64.70,1161.70,2.5,0.028,37.36,
2026-01-20T13:11:00,INC-005,inventory-service,14.37,36.87,125.74,37.7,0.355,22.11,98.2
2026-01-20T13:11:00,INC-005,orders-api,28.01,42.60,131.27,111.0,0.328,22.67,78.8
2026-01-20T13:11:00,INC-005,payment-api,27.23,46.53,27.57,245.3,0.621,39.96,134.0
2026-01-20T13:11:00,INC-005,recommendation-service,42.39,49.06,208.91,88.5,0.189,26.17,
2026-01-20T13:12:00,INC-005,api-gateway,20.19,36.25,323.02,128.7,0.125,,170.6
2026-01-20T13:12:00,INC-005,database,26.75,64.76,1104.69,2.6,0.023,37.97,
2026-01-20T13:12:00,INC-005,inventory-service,14.53,36.46,125.62,39.1,0.433,20.26,102.4
2026-01-20T13:12:00,INC-005,orders-api,27.49,42.70,124.42,105.8,0.401,23.38,68.3
2026-01-20T13:12:00,INC-005,payment-api,28.42,47.17,27.29,265.5,0.395,38.69,134.5
2026-01-20T13:12:00,INC-005,recommendation-service,44.63,49.12,214.61,83.4,0.145,26.07,
2026-01-20T13:13:00,INC-005,api-gateway,22.01,36.40,316.45,137.7,0.115,,189.6
2026-01-20T13:13:00,INC-005,database,26.51,64.50,1099.78,2.4,0.036,37.91,
2026-01-20T13:13:00,INC-005,inventory-service,16.84,35.77,121.03,37.0,0.490,19.89,104.6
2026-01-20T13:13:00,INC-005,orders-api,27.27,42.57,120.14,108.2,0.195,22.98,73.9
2026-01-20T13:13:00,INC-005,payment-api,27.74,47.24,28.11,259.5,0.449,35.66,121.6
2026-01-20T13:13:00,INC-005,recommendation-service,43.40,49.56,213.13,88.5,0.136,24.74,
2026-01-20T13:14:00,INC-005,api-gateway,20.18,36.35,335.95,140.5,0.178,,202.7
2026-01-20T13:14:00,INC-005,database,29.70,64.24,1111.88,2.3,0.035,37.21,
2026-01-20T13:14:00,INC-005,inventory-service,17.82,35.52,117.32,38.6,0.448,20.27,103.1
2026-01-20T13:14:00,INC-005,orders-api,25.87,42.76,135.53,106.6,0.299,24.58,73.4
2026-01-20T13:14:00,INC-005,payment-api,29.83,47.49,28.00,227.5,0.362,38.03,137.8
2026-01-20T13:14:00,INC-005,recommendation-service,44.98,49.33,211.74,74.5,0.228,25.51,
2026-01-20T13:15:00,INC-005,api-gateway,20.78,36.45,345.30,141.7,0.300,,209.4
2026-01-20T13:15:00,INC-005,database,28.30,63.72,1135.60,2.5,0.028,38.68,
2026-01-20T13:15:00,INC-005,inventory-service,15.49,35.70,113.93,41.4,0.683,18.80,103.0
2026-01-20T13:15:00,INC-005,orders-api,27.50,43.15,134.74,101.5,0.377,24.79,68.0
2026-01-20T13:15:00,INC-005,payment-api,27.15,47.31,27.19,247.9,0.370,36.62,129.1
2026-01-20T13:15:00,INC-005,recommendation-service,42.94,49.18,201.11,78.4,0.295,25.32,
2026-01-20T13:16:00,INC-005,api-gateway,20.19,35.89,354.46,145.3,0.394,,212.5
2026-01-20T13:16:00,INC-005,database,28.49,63.88,1132.42,2.5,0.012,36.01,
2026-01-20T13:16:00,INC-005,inventory-service,16.91,35.68,113.85,38.5,0.708,20.59,106.8
2026-01-20T13:16:00,INC-005,orders-api,27.22,42.67,149.49,100.0,0.448,24.45,72.9
2026-01-20T13:16:00,INC-005,payment-api,27.75,46.64,28.90,270.5,0.199,37.29,145.4
2026-01-20T13:16:00,INC-005,recommendation-service,43.92,49.21,208.22,82.0,0.274,25.92,
2026-01-20T13:17:00,INC-005,api-gateway,18.01,35.70,359.74,154.2,0.470,,186.4
2026-01-20T13:17:00,INC-005,database,28.62,64.70,1163.62,2.5,0.016,32.45,
2026-01-20T13:17:00,INC-005,inventory-service,16.02,35.92,124.60,38.4,0.880,19.30,98.9
2026-01-20T13:17:00,INC-005,orders-api,27.53,42.54,145.04,96.4,0.370,24.44,83.5
2026-01-20T13:17:00,INC-005,payment-api,28.64,46.51,30.21,261.9,0.182,36.18,133.6
2026-01-20T13:17:00,INC-005,recommendation-service,42.22,49.83,213.72,88.0,0.288,22.38,
2026-01-20T13:18:00,INC-005,api-gateway,19.17,35.83,353.03,156.3,0.383,,178.3
2026-01-20T13:18:00,INC-005,database,28.42,64.77,1157.60,2.5,0.009,31.85,
2026-01-20T13:18:00,INC-005,inventory-service,14.77,36.59,124.45,33.9,0.662,22.14,98.4
2026-01-20T13:18:00,INC-005,orders-api,25.84,42.53,143.99,101.1,0.220,21.11,86.6
2026-01-20T13:18:00,INC-005,payment-api,28.94,47.42,29.67,267.0,0.180,37.36,119.1
2026-01-20T13:18:00,INC-005,recommendation-service,42.91,50.01,208.58,91.1,0.173,23.52,
2026-01-20T13:19:00,INC-005,api-gateway,20.86,35.97,348.56,143.5,0.296,,220.9
2026-01-20T13:19:00,INC-005,database,30.21,64.38,1139.34,2.5,0.008,31.26,
2026-01-20T13:19:00,INC-005,inventory-service,15.59,36.49,122.95,34.7,0.589,23.91,98.7
2026-01-20T13:19:00,INC-005,orders-api,24.10,42.51,138.98,104.6,0.182,21.75,80.4
2026-01-20T13:19:00,INC-005,payment-api,28.20,47.20,29.37,252.0,0.374,39.16,114.3
2026-01-20T13:19:00,INC-005,recommendation-service,41.12,50.31,210.07,94.1,0.234,25.83,
2026-01-20T13:20:00,INC-005,api-gateway,19.39,36.03,347.13,166.0,0.145,,200.4
2026-01-20T13:20:00,INC-005,database,32.13,64.94,1173.98,2.4,0.008,30.07,
2026-01-20T13:20:00,INC-005,inventory-service,16.19,36.29,118.84,36.8,0.530,22.63,106.4
2026-01-20T13:20:00,INC-005,orders-api,24.16,42.71,139.96,241.2,0.639,18.78,87.7
2026-01-20T13:20:00,INC-005,payment-api,27.50,46.73,30.08,223.6,0.334,41.57,118.2
2026-01-20T13:20:00,INC-005,recommendation-service,40.05,50.41,201.68,93.6,0.264,28.44,
2026-01-20T13:21:00,INC-005,api-gateway,19.27,36.37,358.77,183.3,0.282,,186.8
2026-01-20T13:21:00,INC-005,database,28.50,65.48,1173.62,2.4,0.012,31.37,
2026-01-20T13:21:00,INC-005,inventory-service,17.47,36.30,119.11,34.4,0.719,23.79,100.6
2026-01-20T13:21:00,INC-005,orders-api,26.45,42.88,142.81,104.6,0.309,17.11,77.9
2026-01-20T13:21:00,INC-005,payment-api,26.18,46.49,29.37,228.3,0.429,40.16,136.0
2026-01-20T13:21:00,INC-005,recommendation-service,38.21,50.01,201.92,93.0,0.219,27.16,
2026-01-20T13:22:00,INC-005,api-gateway,18.24,36.36,388.93,170.6,0.283,,177.8
2026-01-20T13:22:00,INC-005,database,28.42,65.32,1098.81,2.5,0.015,33.05,
2026-01-20T13:22:00,INC-005,inventory-service,16.89,36.44,128.61,36.5,0.629,21.74,89.3
2026-01-20T13:22:00,INC-005,orders-api,24.98,43.24,133.76,101.9,0.322,20.01,78.8
2026-01-20T13:22:00,INC-005,payment-api,24.33,46.99,28.65,234.2,0.461,37.58,125.2
2026-01-20T13:22:00,INC-005,recommendation-service,37.32,49.89,210.66,93.0,0.256,25.94,
2026-01-20T13:23:00,INC-005,api-gateway,17.43,36.49,363.67,154.2,0.266,,179.2
2026-01-20T13:23:00,INC-005,database,26.13,65.35,1092.87,2.6,0.019,34.18,
2026-01-20T13:23:00,INC-005,inventory-service,15.83,36.87,128.78,33.3,0.400,22.72,102.4
2026-01-20T13:23:00,INC-005,orders-api,24.67,43.39,138.75,106.0,0.477,22.68,79.3
2026-01-20T13:23:00,INC-005,payment-api,25.80,47.10,28.89,254.2,0.458,39.72,141.3
2026-01-20T13:23:00,INC-005,recommendation-service,39.48,49.77,209.47,106.5,0.329,24.13,
2026-01-20T13:24:00,INC-005,api-gateway,18.07,36.58,377.30,142.9,0.362,,183.6
2026-01-20T13:24:00,INC-005,database,24.57,64.85,1192.43,2.4,0.015,37.39,
2026-01-20T13:24:00,INC-005,inventory-service,14.84,37.03,130.32,37.6,0.247,23.29,114.0
2026-01-20T13:24:00,INC-005,orders-api,25.44,43.33,139.44,107.4,0.419,23.58,78.1
2026-01-20T13:24:00,INC-005,payment-api,24.45,47.44,29.79,241.2,0.309,39.58,128.7
2026-01-20T13:24:00,INC-005,recommendation-service,40.97,49.23,209.48,97.2,0.263,26.64,
2026-01-20T13:25:00,INC-005,api-gateway,17.68,36.08,374.08,164.1,0.337,,198.5
2026-01-20T13:25:00,INC-005,database,24.57,65.09,1180.20,2.4,0.016,38.01,
2026-01-20T13:25:00,INC-005,inventory-service,15.46,36.37,131.76,35.7,0.162,23.31,117.1
2026-01-20T13:25:00,INC-005,orders-api,26.30,43.12,135.56,100.8,0.632,24.86,82.6
2026-01-20T13:25:00,INC-005,payment-api,26.49,47.41,31.63,241.9,0.270,38.99,129.0
2026-01-20T13:25:00,INC-005,recommendation-service,43.32,49.16,211.00,90.2,0.166,26.56,
2026-01-20T13:26:00,INC-005,api-gateway,18.03,36.64,372.69,166.0,0.336,,209.5
2026-01-20T13:26:00,INC-005,database,27.37,64.68,1152.66,2.6,0.017,37.74,
2026-01-20T13:26:00,INC-005,inventory-service,15.15,36.20,135.86,35.8,0.298,23.71,120.5
2026-01-20T13:26:00,INC-005,orders-api,25.56,42.87,130.53,99.0,0.593,23.59,81.4
2026-01-20T13:26:00,INC-005,payment-api,25.71,47.51,32.68,238.1,0.284,39.94,135.7
2026-01-20T13:26:00,INC-005,recommendation-service,43.34,49.28,214.64,90.0,0.000,24.97,
2026-01-20T13:27:00,INC-005,api-gateway,19.30,36.30,391.23,162.6,0.116,,208.8
2026-01-20T13:27:00,INC-005,database,28.62,64.91,1172.24,2.7,0.024,39.92,
2026-01-20T13:27:00,INC-005,inventory-service,18.00,36.48,139.99,34.0,0.327,20.75,124.0
2026-01-20T13:27:00,INC-005,orders-api,26.16,42.99,133.12,96.3,0.678,24.43,79.4
2026-01-20T13:27:00,INC-005,payment-api,25.74,47.08,32.34,236.3,0.351,38.43,137.8
2026-01-20T13:27:00,INC-005,recommendation-service,42.51,49.03,225.87,85.5,0.046,25.83,
2026-01-20T13:28:00,INC-005,api-gateway,20.58,36.44,397.47,173.6,0.125,,196.8
2026-01-20T13:28:00,INC-005,database,27.88,64.83,1163.51,2.9,0.018,39.93,
2026-01-20T13:28:00,INC-005,inventory-service,17.71,36.64,141.94,33.8,0.310,22.01,123.1
2026-01-20T13:28:00,INC-005,orders-api,27.94,42.97,149.69,88.1,0.533,22.54,86.0
2026-01-20T13:28:00,INC-005,payment-api,25.07,47.05,32.80,231.6,0.395,39.03,136.8
2026-01-20T13:28:00,INC-005,recommendation-service,42.35,48.50,226.68,96.3,0.047,29.74,
2026-01-20T13:29:00,INC-005,api-gateway,23.13,36.68,405.13,173.4,0.284,,185.3
2026-01-20T13:29:00,INC-005,database,27.77,64.73,1158.57,2.6,0.018,38.04,
2026-01-20T13:29:00,INC-005,inventory-service,17.94,36.53,137.86,34.8,0.387,22.99,117.0
2026-01-20T13:29:00,INC-005,orders-api,28.34,43.25,154.07,88.6,0.575,23.82,80.8
2026-01-20T13:29:00,INC-005,payment-api,26.15,46.94,33.82,243.0,0.577,38.83,158.4
2026-01-20T13:29:00,INC-005,recommendation-service,44.40,48.65,228.87,83.4,0.029,28.29,
2026-01-20T13:30:00,INC-005,api-gateway,20.01,37.12,415.02,182.0,0.289,,170.4
2026-01-20T13:30:00,INC-005,database,27.13,64.68,1164.05,2.7,0.008,39.20,
2026-01-20T13:30:00,INC-005,inventory-service,18.48,36.57,141.95,37.0,0.618,21.32,113.6
2026-01-20T13:30:00,INC-005,orders-api,25.37,42.61,159.41,90.8,0.579,24.25,86.0
2026-01-20T13:30:00,INC-005,payment-api,29.13,46.46,35.35,221.8,0.358,38.08,156.5
2026-01-20T13:30:00,INC-005,recommendation-service,44.64,49.33,233.47,91.3,0.133,29.93,
2026-01-20T13:31:00,INC-005,api-gateway,21.63,37.23,417.77,165.9,0.144,,164.9
2026-01-20T13:31:00,INC-005,database,26.22,64.43,1245.26,2.8,0.014,35.65,
2026-01-20T13:31:00,INC-005,inventory-service,16.59,36.15,148.39,37.7,0.716,22.86,101.3
2026-01-20T13:31:00,INC-005,orders-api,24.49,42.88,167.85,95.0,0.505,22.95,89.7
2026-01-20T13:31:00,INC-005,payment-api,31.64,46.26,38.54,229.9,0.390,41.70,167.6
2026-01-20T13:31:00,INC-005,recommendation-service,45.21,49.45,230.94,134.1,0.464,28.30,
2026-01-20T13:32:00,INC-005,api-gateway,20.79,36.98,405.71,150.7,0.094,,174.9
2026-01-20T13:32:00,INC-005,database,29.70,64.84,1242.92,2.9,0.018,37.15,
2026-01-20T13:32:00,INC-005,inventory-service,17.28,36.18,146.82,37.0,0.572,21.61,98.8
2026-01-20T13:32:00,INC-005,orders-api,24.89,43.15,156.34,92.5,0.394,22.29,92.1
2026-01-20T13:32:00,INC-005,payment-api,31.33,46.56,37.44,591.4,0.728,41.73,177.5
2026-01-20T13:32:00,INC-005,recommendation-service,42.52,49.61,227.46,91.9,0.139,28.25,
2026-01-20T13:33:00,INC-005,api-gateway,20.04,36.72,401.52,156.7,0.200,,187.2
2026-01-20T13:33:00,INC-005,database,30.46,64.70,1346.15,2.8,0.017,38.72,
2026-01-20T13:33:00,INC-005,inventory-service,15.55,36.59,140.91,34.2,0.403,22.74,95.1
2026-01-20T13:33:00,INC-005,orders-api,25.57,43.41,160.15,95.6,0.505,21.25,92.4
2026-01-20T13:33:00,INC-005,payment-api,29.81,46.31,37.09,243.5,0.406,39.42,156.0
2026-01-20T13:33:00,INC-005,recommendation-service,41.15,49.14,214.54,95.2,0.219,29.95,
2026-01-20T13:34:00,INC-005,api-gateway,20.19,36.43,386.55,169.0,0.198,,217.6
2026-01-20T13:34:00,INC-005,database,28.11,65.00,1319.05,2.6,0.018,38.91,
2026-01-20T13:34:00,INC-005,inventory-service,14.72,36.43,139.48,38.2,0.466,24.08,89.6
2026-01-20T13:34:00,INC-005,orders-api,26.86,43.33,153.49,99.5,0.512,20.86,96.7
2026-01-20T13:34:00,INC-005,payment-api,29.35,46.37,36.27,266.6,0.312,38.08,153.6
2026-01-20T13:34:00,INC-005,recommendation-service,42.82,49.79,203.82,88.4,0.257,28.18,
2026-01-20T13:35:00,INC-005,api-gateway,19.19,35.96,391.50,137.9,0.160,,210.1
2026-01-20T13:35:00,INC-005,database,25.99,63.94,1354.84,2.6,0.014,39.52,
2026-01-20T13:35:00,INC-005,inventory-service,15.09,37.23,139.27,42.7,0.662,24.60,107.0
2026-01-20T13:35:00,INC-005,orders-api,23.50,43.81,151.18,104.7,0.396,21.74,97.0
2026-01-20T13:35:00,INC-005,payment-api,30.59,46.35,36.57,262.1,0.339,37.41,137.5
2026-01-20T13:35:00,INC-005,recommendation-service,43.20,49.25,214.20,93.9,0.247,26.96,
2026-01-20T13:36:00,INC-005,api-gateway,22.49,36.43,389.33,155.0,0.274,,196.4
2026-01-20T13:36:00,INC-005,database,26.35,64.56,1316.55,2.5,0.016,37.21,
2026-01-20T13:36:00,INC-005,inventory-service,16.66,37.25,149.06,40.8,0.665,23.02,114.0
2026-01-20T13:36:00,INC-005,orders-api,24.85,43.69,144.10,103.2,0.514,21.43,90.5
2026-01-20T13:36:00,INC-005,payment-api,29.71,46.27,38.96,250.5,0.351,38.99,128.5
2026-01-20T13:36:00,INC-005,recommendation-service,43.01,49.42,218.74,100.2,0.157,29.23,
2026-01-20T13:37:00,INC-005,api-gateway,22.02,35.59,383.85,152.4,0.201,,234.9
2026-01-20T13:37:00,INC-005,database,26.41,65.00,1304.74,2.7,0.020,36.41,
2026-01-20T13:37:00,INC-005,inventory-service,15.32,36.35,148.96,45.1,0.405,21.76,111.5
2026-01-20T13:37:00,INC-005,orders-api,25.81,43.62,147.56,95.7,0.567,21.12,85.7
2026-01-20T13:37:00,INC-005,payment-api,28.98,45.70,39.14,256.5,0.450,39.86,122.7
2026-01-20T13:37:00,INC-005,recommendation-service,44.51,49.22,227.78,105.6,0.200,26.89,
2026-01-20T13:38:00,INC-005,api-gateway,18.98,35.63,393.54,156.9,0.304,,211.3
2026-01-20T13:38:00,INC-005,database,28.15,65.13,1348.56,2.8,0.015,36.02,
2026-01-20T13:38:00,INC-005,inventory-service,12.88,37.14,150.24,38.8,0.368,21.90,125.4
2026-01-20T13:38:00,INC-005,orders-api,26.35,43.70,152.99,100.6,0.563,23.03,92.6
2026-01-20T13:38:00,INC-005,payment-api,27.79,45.74,40.33,247.1,0.551,39.26,121.0
2026-01-20T13:38:00,INC-005,recommendation-service,44.92,49.29,223.22,108.1,0.151,28.48,
2026-01-20T13:39:00,INC-005,api-gateway,21.38,35.41,385.76,154.2,0.274,,219.3
2026-01-20T13:39:00,INC-005,database,29.55,64.80,1390.64,2.5,0.024,35.01,
2026-01-20T13:39:00,INC-005,inventory-service,13.20,36.91,145.25,40.5,0.404,20.15,111.9
2026-01-20T13:39:00,INC-005,orders-api,24.44,43.35,153.48,94.3,0.433,22.59,91.4
2026-01-20T13:39:00,INC-005,payment-api,26.11,46.62,38.57,268.2,0.407,42.86,127.2
2026-01-20T13:39:00,INC-005,recommendation-service,42.56,49.57,224.95,104.5,0.231,25.17,
2026-01-20T13:40:00,INC-005,api-gateway,21.94,35.34,386.00,154.7,0.262,,201.8
2026-01-20T13:40:00,INC-005,database,29.18,64.36,1318.22,2.5,0.021,36.91,
2026-01-20T13:40:00,INC-005,inventory-service,14.01,36.77,148.57,42.0,0.274,25.40,85.1
2026-01-20T13:40:00,INC-005,orders-api,26.32,43.83,156.79,105.4,0.542,22.54,91.9
2026-01-20T13:40:00,INC-005,payment-api,30.50,46.81,38.96,250.8,0.116,41.84,132.2
2026-01-20T13:40:00,INC-005,recommendation-service,40.41,49.73,224.21,102.5,0.329,24.41,
2026-01-20T13:41:00,INC-005,api-gateway,19.79,35.86,392.66,171.8,0.234,,240.2
2026-01-20T13:41:00,INC-005,database,29.91,65.02,1377.82,2.5,0.028,37.74,
2026-01-20T13:41:00,INC-005,inventory-service,13.72,36.67,147.06,40.3,0.363,23.25,82.4
2026-01-20T13:41:00,INC-005,orders-api,26.91,43.31,159.03,116.5,0.187,21.72,91.9
2026-01-20T13:41:00,INC-005,payment-api,28.33,46.49,39.88,229.0,0.161,41.57,136.2
2026-01-20T13:41:00,INC-005,recommendation-service,39.92,49.80,227.63,104.1,0.262,26.35,
2026-01-20T13:42:00,INC-005,api-gateway,20.28,36.04,407.11,165.0,0.356,,235.0
2026-01-20T13:42:00,INC-005,database,29.85,63.62,1340.33,2.4,0.028,38.11,
2026-01-20T13:42:00,INC-005,inventory-service,14.71,36.51,151.64,41.2,0.340,22.24,90.4
2026-01-20T13:42:00,INC-005,orders-api,26.69,43.38,160.56,107.3,0.310,21.94,81.5
2026-01-20T13:42:00,INC-005,payment-api,29.23,46.29,39.69,228.7,0.213,40.85,124.5
2026-01-20T13:42:00,INC-005,recommendation-service,40.30,49.74,240.96,90.4,0.188,25.62,
2026-01-20T13:43:00,INC-005,api-gateway,20.33,36.01,407.43,157.2,0.387,,203.4
2026-01-20T13:43:00,INC-005,database,30.35,63.98,1344.18,2.7,0.043,37.81,
2026-01-20T13:43:00,INC-005,inventory-service,16.95,37.09,158.02,40.5,0.312,21.98,100.1
2026-01-20T13:43:00,INC-005,orders-api,26.55,43.04,160.91,103.1,0.284,21.83,85.4
2026-01-20T13:43:00,INC-005,payment-api,29.26,46.35,39.77,213.3,0.233,41.66,130.7
2026-01-20T13:43:00,INC-005,recommendation-service,41.51,48.90,237.13,87.1,0.283,24.25,
2026-01-20T13:44:00,INC-005,api-gateway,21.48,36.31,412.21,156.5,0.318,,193.9
2026-01-20T13:44:00,INC-005,database,30.93,63.52,1365.46,2.5,0.035,35.66,
2026-01-20T13:44:00,INC-005,inventory-service,13.92,37.03,156.00,38.4,0.371,21.80,104.4
2026-01-20T13:44:00,INC-005,orders-api,30.06,43.77,160.81,110.3,0.188,22.03,75.6
2026-01-20T13:44:00,INC-005,payment-api,31.26,46.30,37.90,225.4,0.402,40.42,125.1
2026-01-20T13:44:00,INC-005,recommendation-service,41.64,49.94,231.68,93.1,0.209,26.49,
2026-01-20T13:45:00,INC-005,api-gateway,21.99,36.15,406.54,169.5,0.329,,174.8
2026-01-20T13:45:00,INC-005,database,33.36,63.74,1334.29,2.6,0.032,38.81,
2026-01-20T13:45:00,INC-005,inventory-service,13.97,36.31,149.54,37.3,0.462,21.28,107.6
2026-01-20T13:45:00,INC-005,orders-api,29.10,43.69,168.48,110.1,0.122,23.88,78.2
2026-01-20T13:45:00,INC-005,payment-api,28.95,46.22,39.58,241.1,0.275,40.31,126.0
2026-01-20T13:45:00,INC-005,recommendation-service,41.40,49.18,221.76,96.7,0.239,26.46,
2026-01-20T13:46:00,INC-005,api-gateway,21.77,35.99,407.71,177.9,0.213,,203.7
2026-01-20T13:46:00,INC-005,database,32.32,63.87,1303.09,2.8,0.024,37.32,
2026-01-20T13:46:00,INC-005,inventory-service,15.30,36.79,147.24,36.3,0.197,19.96,107.2
2026-01-20T13:46:00,INC-005,orders-api,29.54,43.62,166.79,123.0,0.000,24.40,81.9
2026-01-20T13:46:00,INC-005,payment-api,28.67,46.21,39.27,241.1,0.164,43.47,126.5
2026-01-20T13:46:00,INC-005,recommendation-service,42.64,49.67,220.85,89.7,0.151,28.42,
2026-01-20T13:47:00,INC-005,api-gateway,20.67,36.45,419.29,179.3,0.116,,192.8
2026-01-20T13:47:00,INC-005,database,32.05,64.53,1323.03,2.8,0.025,37.92,
2026-01-20T13:47:00,INC-005,inventory-service,16.47,36.43,146.79,34.4,0.487,20.72,101.3
2026-01-20T13:47:00,INC-005,orders-api,30.08,43.28,166.44,115.8,0.000,22.50,71.6
2026-01-20T13:47:00,INC-005,payment-api,26.45,46.12,36.47,246.0,0.282,40.04,127.0
2026-01-20T13:47:00,INC-005,recommendation-service,44.04,49.94,230.87,92.2,0.076,26.50,
2026-01-20T13:48:00,INC-005,api-gateway,20.93,36.57,398.71,165.5,0.128,,187.9
2026-01-20T13:48:00,INC-005,database,30.87,64.34,1279.98,2.7,0.033,40.21,
2026-01-20T13:48:00,INC-005,inventory-service,15.30,36.26,147.85,36.8,0.300,19.59,105.9
2026-01-20T13:48:00,INC-005,orders-api,30.06,43.20,149.16,127.9,0.213,23.37,72.9
2026-01-20T13:48:00,INC-005,payment-api,23.99,46.35,35.72,231.1,0.242,37.78,137.6
2026-01-20T13:48:00,INC-005,recommendation-service,44.35,50.10,217.29,86.5,0.084,25.94,
2026-01-20T13:49:00,INC-005,api-gateway,20.68,36.71,382.90,199.9,0.195,,176.6
2026-01-20T13:49:00,INC-005,database,29.80,64.78,1218.26,2.5,0.031,37.37,
2026-01-20T13:49:00,INC-005,inventory-service,13.58,36.05,147.67,36.3,0.306,18.15,98.4
2026-01-20T13:49:00,INC-005,orders-api,29.53,43.28,155.61,117.6,0.372,23.85,80.6
2026-01-20T13:49:00,INC-005,payment-api,24.37,46.44,36.51,250.9,0.424,37.07,140.2
2026-01-20T13:49:00,INC-005,recommendation-service,41.41,49.66,216.79,93.0,0.116,24.67,
2026-01-20T13:50:00,INC-005,api-gateway,20.09,36.70,385.13,182.7,0.389,,185.4
2026-01-20T13:50:00,INC-005,database,31.49,65.09,1312.92,2.5,0.035,35.32,
2026-01-20T13:50:00,INC-005,inventory-service,14.99,35.89,152.50,35.3,0.421,19.59,96.8
2026-01-20T13:50:00,INC-005,orders-api,27.17,43.26,149.38,114.6,0.254,22.85,87.3
2026-01-20T13:50:00,INC-005,payment-api,24.63,46.22,37.10,233.8,0.483,37.86,127.5
2026-01-20T13:50:00,INC-005,recommendation-service,41.10,49.77,210.98,91.2,0.032,25.60,
2026-01-20T13:51:00,INC-005,api-gateway,19.69,36.67,368.14,169.5,0.376,,178.4
2026-01-20T13:51:00,INC-005,database,31.45,64.96,1239.67,2.1,0.031,33.62,
2026-01-20T13:51:00,INC-005,inventory-service,15.43,35.90,139.97,40.6,0.494,18.96,101.2
2026-01-20T13:51:00,INC-005,orders-api,24.66,43.45,150.73,248.8,0.438,24.20,77.4
2026-01-20T13:51:00,INC-005,payment-api,26.47,46.79,34.45,247.7,0.412,38.60,115.0
2026-01-20T13:51:00,INC-005,recommendation-service,41.29,50.08,210.41,91.7,0.207,25.18,
2026-01-20T13:52:00,INC-005,api-gateway,20.27,36.56,379.51,151.1,0.363,,171.8
2026-01-20T13:52:00,INC-005,database,29.16,65.64,1165.12,2.2,0.029,37.18,
2026-01-20T13:52:00,INC-005,inventory-service,15.79,36.47,142.55,44.3,0.269,21.59,87.5
2026-01-20T13:52:00,INC-005,orders-api,27.84,43.41,148.78,123.9,0.283,19.04,78.3
2026-01-20T13:52:00,INC-005,payment-api,29.58,46.80,33.78,270.9,0.431,37.24,127.6
2026-01-20T13:52:00,INC-005,recommendation-service,40.08,49.68,215.66,87.2,0.245,24.20,
2026-01-20T13:53:00,INC-005,api-gateway,20.45,36.42,375.48,140.2,0.287,,178.6
2026-01-20T13:53:00,INC-005,database,29.64,65.39,1094.95,2.2,0.020,35.59,
2026-01-20T13:53:00,INC-005,inventory-service,17.24,36.08,139.15,42.1,0.381,21.42,90.3
2026-01-20T13:53:00,INC-005,orders-api,27.05,43.66,149.07,126.8,0.198,21.02,72.6
2026-01-20T13:53:00,INC-005,payment-api,30.26,46.36,33.05,233.1,0.431,40.89,128.7
2026-01-20T13:53:00,INC-005,recommendation-service,41.44,49.51,212.00,96.2,0.278,26.65,
2026-01-20T13:54:00,INC-005,api-gateway,20.63,36.37,369.79,163.7,0.465,,183.4
2026-01-20T13:54:00,INC-005,database,28.65,64.94,1093.31,2.1,0.017,33.59,
2026-01-20T13:54:00,INC-005,inventory-service,16.33,36.05,126.00,41.1,0.253,20.88,82.2
2026-01-20T13:54:00,INC-005,orders-api,27.72,42.50,149.49,121.0,0.239,22.27,76.0
2026-01-20T13:54:00,INC-005,payment-api,27.72,46.28,34.53,242.3,0.556,40.23,126.4
2026-01-20T13:54:00,INC-005,recommendation-service,42.09,48.97,226.53,90.3,0.394,28.72,
2026-01-20T13:55:00,INC-005,api-gateway,22.92,36.03,377.43,150.0,0.351,,210.0
2026-01-20T13:55:00,INC-005,database,30.75,64.70,1087.46,2.1,0.024,36.78,
2026-01-20T13:55:00,INC-005,inventory-service,17.02,35.82,126.98,34.7,0.233,19.89,87.3
2026-01-20T13:55:00,INC-005,orders-api,28.56,42.28,159.34,108.7,0.231,23.12,69.0
2026-01-20T13:55:00,INC-005,payment-api,28.31,46.63,33.75,232.8,0.393,40.17,123.0
2026-01-20T13:55:00,INC-005,recommendation-service,41.85,48.75,241.44,96.8,0.572,28.05,
2026-01-20T13:56:00,INC-005,api-gateway,20.55,35.82,368.14,152.8,0.283,,206.3
2026-01-20T13:56:00,INC-005,database,28.77,65.39,1163.91,2.1,0.019,36.64,
2026-01-20T13:56:00,INC-005,inventory-service,14.93,35.88,118.02,37.9,0.107,18.61,91.9
2026-01-20T13:56:00,INC-005,orders-api,27.34,42.84,149.17,110.5,0.133,21.86,83.0
2026-01-20T13:56:00,INC-005,payment-api,26.35,47.15,32.90,223.3,0.293,42.38,128.3
2026-01-20T13:56:00,INC-005,recommendation-service,42.10,48.28,215.09,90.8,0.643,25.59,
2026-01-20T13:57:00,INC-005,api-gateway,20.04,35.72,366.52,146.9,0.355,,198.0
2026-01-20T13:57:00,INC-005,database,29.63,65.57,1150.20,2.2,0.015,39.33,
2026-01-20T13:57:00,INC-005,inventory-service,14.13,36.13,128.93,35.3,0.238,21.11,99.3
2026-01-20T13:57:00,INC-005,orders-api,27.60,43.31,154.12,104.4,0.271,21.04,93.7
2026-01-20T13:57:00,INC-005,payment-api,27.07,46.67,31.59,227.0,0.161,42.05,127.8
2026-01-20T13:57:00,INC-005,recommendation-service,40.80,49.10,211.89,89.3,0.512,25.46,
2026-01-20T13:58:00,INC-005,api-gateway,21.05,35.99,372.88,150.5,0.294,,203.3
2026-01-20T13:58:00,INC-005,database,26.57,65.81,1187.77,2.2,0.017,36.66,
2026-01-20T13:58:00,INC-005,inventory-service,14.16,36.12,129.40,36.8,0.170,20.11,102.1
2026-01-20T13:58:00,INC-005,orders-api,24.95,43.10,148.38,103.4,0.324,22.42,93.6
2026-01-20T13:58:00,INC-005,payment-api,27.94,46.51,31.88,207.4,0.127,38.99,141.8
2026-01-20T13:58:00,INC-005,recommendation-service,41.44,49.72,217.57,79.8,0.436,25.84,
2026-01-20T13:59:00,INC-005,api-gateway,19.43,36.22,362.62,394.8,0.748,,187.0
2026-01-20T13:59:00,INC-005,database,26.65,65.71,1238.96,2.4,0.018,36.18,
2026-01-20T13:59:00,INC-005,inventory-service,15.45,36.51,134.70,39.5,0.187,21.12,104.7
2026-01-20T13:59:00,INC-005,orders-api,23.83,43.16,139.66,95.8,0.434,22.19,94.3
2026-01-20T13:59:00,INC-005,payment-api,26.87,46.27,31.07,201.0,0.292,39.48,150.8
2026-01-20T13:59:00,INC-005,recommendation-service,40.53,49.87,210.59,79.4,0.342,28.13,
2026-01-20T14:00:00,INC-005,api-gateway,19.52,36.42,345.98,170.0,0.184,,186.4
2026-01-20T14:00:00,INC-005,database,24.88,65.53,1205.01,2.5,0.010,34.51,
2026-01-20T14:00:00,INC-005,inventory-service,16.72,36.22,129.07,41.7,0.147,19.91,106.2
2026-01-20T14:00:00,INC-005,orders-api,22.13,43.49,131.89,89.8,0.459,21.52,91.9
2026-01-20T14:00:00,INC-005,payment-api,27.98,46.11,30.65,223.5,0.319,39.83,143.1
2026-01-20T14:00:00,INC-005,recommendation-service,38.38,49.10,215.47,84.0,0.321,27.29,
2026-01-20T14:01:00,INC-005,api-gateway,19.82,36.54,336.75,166.3,0.200,,192.3
2026-01-20T14:01:00,INC-005,database,23.98,64.88,1141.23,2.4,0.011,31.00,
2026-01-20T14:01:00,INC-005,inventory-service,15.95,36.82,133.30,43.6,0.433,19.79,91.5
2026-01-20T14:01:00,INC-005,orders-api,22.48,43.29,134.65,94.7,0.481,22.34,90.1
2026-01-20T14:01:00,INC-005,payment-api,27.64,46.20,28.81,229.9,0.287,38.82,135.3
2026-01-20T14:01:00,INC-005,recommendation-service,37.95,48.77,203.82,82.3,0.309,27.38,
2026-01-20T14:02:00,INC-005,api-gateway,21.13,37.25,340.67,153.1,0.297,,191.0
2026-01-20T14:02:00,INC-005,database,24.11,64.34,1103.87,2.3,0.030,31.03,
2026-01-20T14:02:00,INC-005,inventory-service,17.35,36.65,124.26,40.6,0.265,20.76,98.6
2026-01-20T14:02:00,INC-005,orders-api,24.27,43.66,127.68,98.0,0.573,22.44,88.5
2026-01-20T14:02:00,INC-005,payment-api,26.98,46.38,29.63,249.8,0.371,40.14,136.5
2026-01-20T14:02:00,INC-005,recommendation-service,37.92,49.21,209.24,77.9,0.318,26.59,
2026-01-20T14:03:00,INC-005,api-gateway,18.71,36.31,353.61,148.2,0.241,,173.6
2026-01-20T14:03:00,INC-005,database,24.59,64.59,1098.43,2.3,0.022,30.51,
2026-01-20T14:03:00,INC-005,inventory-service,17.99,37.05,126.93,39.8,0.283,20.74,107.4
2026-01-20T14:03:00,INC-005,orders-api,25.28,43.35,127.55,106.7,0.524,21.01,89.6
2026-01-20T14:03:00,INC-005,payment-api,30.10,46.56,30.41,248.0,0.330,41.18,140.0
2026-01-20T14:03:00,INC-005,recommendation-service,38.60,48.98,208.51,78.8,0.215,27.39,
2026-01-20T14:04:00,INC-005,api-gateway,19.07,36.77,332.64,153.4,0.342,,156.8
2026-01-20T14:04:00,INC-005,database,24.68,64.51,1080.75,2.2,0.016,31.73,
2026-01-20T14:04:00,INC-005,inventory-service,18.45,36.34,122.01,45.5,0.302,20.12,95.5
2026-01-20T14:04:00,INC-005,orders-api,24.40,43.17,121.04,97.2,0.345,24.80,85.9
2026-01-20T14:04:00,INC-005,payment-api,29.02,46.76,29.46,213.8,0.435,40.48,133.9
2026-01-20T14:04:00,INC-005,recommendation-service,37.57,49.06,185.56,82.2,0.340,25.37,
2026-01-20T14:05:00,INC-005,api-gateway,20.22,36.58,320.75,164.3,0.514,,186.5
2026-01-20T14:05:00,INC-005,database,22.33,64.90,1054.33,2.2,0.019,32.67,
2026-01-20T14:05:00,INC-005,inventory-service,17.18,36.46,115.97,37.3,0.123,22.36,105.2
2026-01-20T14:05:00,INC-005,orders-api,25.04,43.73,114.10,100.2,0.344,27.69,80.5
2026-01-20T14:05:00,INC-005,payment-api,27.45,46.34,29.60,218.6,0.424,40.53,137.1
2026-01-20T14:05:00,INC-005,recommendation-service,37.30,49.30,190.71,76.3,0.312,24.14,
2026-01-20T14:06:00,INC-005,api-gateway,19.41,36.19,326.51,163.1,0.368,,192.9
2026-01-20T14:06:00,INC-005,database,24.30,65.61,958.73,2.2,0.024,32.95,
2026-01-20T14:06:00,INC-005,inventory-service,14.74,36.32,119.24,37.8,0.348,20.76,101.1
2026-01-20T14:06:00,INC-005,orders-api,26.00,43.28,118.70,102.0,0.480,23.11,68.9
2026-01-20T14:06:00,INC-005,payment-api,27.19,45.80,29.03,225.4,0.265,38.36,123.6
2026-01-20T14:06:00,INC-005,recommendation-service,38.63,49.11,185.83,93.1,0.350,26.50,
2026-01-20T14:07:00,INC-005,api-gateway,19.17,36.06,305.43,161.6,0.364,,166.3
2026-01-20T14:07:00,INC-005,database,24.59,65.36,962.45,2.1,0.031,35.56,
2026-01-20T14:07:00,INC-005,inventory-service,15.48,35.94,119.98,38.3,0.226,17.83,101.5
2026-01-20T14:07:00,INC-005,orders-api,24.30,43.14,121.89,104.2,0.395,21.56,69.0
2026-01-20T14:07:00,INC-005,payment-api,26.67,46.02,29.98,219.6,0.086,40.04,129.9
2026-01-20T14:07:00,INC-005,recommendation-service,36.91,49.11,185.46,93.4,0.358,25.42,
2026-01-20T14:08:00,INC-005,api-gateway,20.11,36.71,316.72,148.3,0.397,,181.9
2026-01-20T14:08:00,INC-005,database,27.44,65.20,984.97,2.4,0.023,33.89,
2026-01-20T14:08:00,INC-005,inventory-service,16.38,36.28,124.39,33.4,0.225,19.74,102.2
2026-01-20T14:08:00,INC-005,orders-api,26.40,43.44,134.79,107.0,0.367,23.16,72.7
2026-01-20T14:08:00,INC-005,payment-api,27.24,45.98,31.18,242.3,0.202,37.87,119.3
2026-01-20T14:08:00,INC-005,recommendation-service,37.94,48.69,191.76,82.7,0.426,25.54,
2026-01-20T14:09:00,INC-005,api-gateway,19.75,36.97,306.05,154.8,0.246,,210.7
2026-01-20T14:09:00,INC-005,database,28.43,65.26,1053.21,2.2,0.026,34.39,
2026-01-20T14:09:00,INC-005,inventory-service,14.26,35.81,123.77,33.7,0.228,21.19,103.3
2026-01-20T14:09:00,INC-005,orders-api,26.29,43.46,140.48,124.9,0.512,25.47,79.2
2026-01-20T14:09:00,INC-005,payment-api,28.08,46.22,32.31,217.6,0.311,38.15,117.0
2026-01-20T14:09:00,INC-005,recommendation-service,36.90,48.98,199.09,179.3,1.031,25.18,
2026-01-20T14:10:00,INC-005,api-gateway,19.65,37.22,302.49,160.2,0.317,,226.1
2026-01-20T14:10:00,INC-005,database,27.87,65.70,1039.07,2.0,0.027,32.46,
2026-01-20T14:10:00,INC-005,inventory-service,14.86,35.29,119.50,34.7,0.161,20.99,112.2
2026-01-20T14:10:00,INC-005,orders-api,26.22,43.29,136.18,123.7,0.529,22.76,77.0
2026-01-20T14:10:00,INC-005,payment-api,28.01,46.40,30.67,253.7,0.363,37.03,123.2
2026-01-20T14:10:00,INC-005,recommendation-service,39.60,48.90,198.07,91.3,0.533,23.47,
2026-01-20T14:11:00,INC-005,api-gateway,19.07,37.08,311.02,157.2,0.340,,199.5
2026-01-20T14:11:00,INC-005,database,28.05,65.46,1096.59,2.2,0.031,33.05,
2026-01-20T14:11:00,INC-005,inventory-service,15.13,35.18,117.71,34.0,0.247,20.58,113.0
2026-01-20T14:11:00,INC-005,orders-api,26.31,43.83,131.45,111.7,0.558,21.15,86.2
2026-01-20T14:11:00,INC-005,payment-api,30.21,45.92,30.18,258.0,0.443,38.82,139.6
2026-01-20T14:11:00,INC-005,recommendation-service,40.97,48.61,196.85,85.6,0.329,23.76,
2026-01-20T14:12:00,INC-005,api-gateway,20.45,36.52,331.60,161.5,0.391,,184.4
2026-01-20T14:12:00,INC-005,database,26.78,64.85,1092.36,2.4,0.030,34.71,
2026-01-20T14:12:00,INC-005,inventory-service,15.09,35.48,118.31,31.8,0.358,20.86,102.6
2026-01-20T14:12:00,INC-005,orders-api,27.45,43.56,136.79,111.6,0.361,19.44,79.9
2026-01-20T14:12:00,INC-005,payment-api,29.45,45.84,29.76,249.7,0.385,39.09,123.8
2026-01-20T14:12:00,INC-005,recommendation-service,39.00,49.17,189.80,86.8,0.316,22.33,
2026-01-20T14:13:00,INC-005,api-gateway,21.14,36.24,313.43,174.0,0.625,,183.4
2026-01-20T14:13:00,INC-005,database,26.75,65.35,1081.64,2.0,0.036,36.47,
2026-01-20T14:13:00,INC-005,inventory-service,15.63,35.44,120.48,34.8,0.459,20.58,86.3
2026-01-20T14:13:00,INC-005,orders-api,27.92,43.86,131.28,108.6,0.567,20.51,79.2
2026-01-20T14:13:00,INC-005,payment-api,29.07,46.18,28.08,240.1,0.513,40.25,131.2
2026-01-20T14:13:00,INC-005,recommendation-service,40.11,48.85,197.67,97.0,0.348,22.36,
2026-01-20T14:14:00,INC-005,api-gateway,21.05,36.43,329.29,185.6,0.397,,167.9
2026-01-20T14:14:00,INC-005,database,28.48,65.09,1062.55,1.9,0.026,37.41,
2026-01-20T14:14:00,INC-005,inventory-service,13.32,36.24,126.79,35.5,0.435,22.52,89.7
2026-01-20T14:14:00,INC-005,orders-api,28.01,43.70,127.62,104.9,0.571,21.60,83.3
2026-01-20T14:14:00,INC-005,payment-api,29.78,46.40,27.39,234.3,0.665,39.36,142.3
2026-01-20T14:14:00,INC-005,recommendation-service,39.37,49.26,196.96,84.0,0.270,25.22,
2026-01-20T14:15:00,INC-005,api-gateway,20.59,36.31,319.89,172.9,0.278,,164.6
2026-01-20T14:15:00,INC-005,database,26.77,65.28,1126.28,2.3,0.027,34.73,
2026-01-20T14:15:00,INC-005,inventory-service,15.30,36.05,127.35,34.4,0.615,22.20,84.2
2026-01-20T14:15:00,INC-005,orders-api,27.73,43.77,123.89,104.8,0.705,22.15,77.7
2026-01-20T14:15:00,INC-005,payment-api,28.18,47.55,27.95,244.4,0.560,36.09,150.6
2026-01-20T14:15:00,INC-005,recommendation-service,40.96,49.10,194.52,92.6,0.157,28.99,
2026-01-20T14:16:00,INC-005,api-gateway,21.84,36.40,314.82,168.1,0.303,,169.6
2026-01-20T14:16:00,INC-005,database,25.95,65.50,1060.62,2.4,0.018,36.34,
2026-01-20T14:16:00,INC-005,inventory-service,13.98,35.90,120.14,34.2,0.323,21.42,92.3
2026-01-20T14:16:00,INC-005,orders-api,25.01,43.93,125.12,101.6,0.625,23.38,77.8
2026-01-20T14:16:00,INC-005,payment-api,28.53,47.09,26.64,238.5,0.390,40.13,138.1
2026-01-20T14:16:00,INC-005,recommendation-service,43.28,49.09,186.00,92.9,0.191,28.45,
2026-01-20T14:17:00,INC-005,api-gateway,21.15,36.25,323.12,165.0,0.335,,158.1
2026-01-20T14:17:00,INC-005,database,27.66,65.15,1156.94,2.5,0.025,36.61,
2026-01-20T14:17:00,INC-005,inventory-service,12.50,36.08,125.50,35.1,0.285,18.32,85.7
2026-01-20T14:17:00,INC-005,orders-api,24.59,43.82,123.40,110.2,0.695,23.88,89.6
2026-01-20T14:17:00,INC-005,payment-api,28.21,46.15,27.48,255.9,0.380,40.54,139.3
2026-01-20T14:17:00,INC-005,recommendation-service,42.66,48.44,189.16,84.9,0.038,30.74,
2026-01-20T14:18:00,INC-005,api-gateway,22.02,35.92,323.81,165.5,0.288,,173.5
2026-01-20T14:18:00,INC-005,database,26.73,64.94,1149.77,2.5,0.020,35.78,
2026-01-20T14:18:00,INC-005,inventory-service,13.58,35.56,128.16,35.1,0.379,19.67,79.1
2026-01-20T14:18:00,INC-005,orders-api,25.13,43.29,122.63,108.0,0.599,22.56,83.4
2026-01-20T14:18:00,INC-005,payment-api,28.74,45.47,29.40,243.7,0.442,37.08,144.3
2026-01-20T14:18:00,INC-005,recommendation-service,40.11,48.37,189.16,75.8,0.030,30.33,
2026-01-20T14:19:00,INC-005,api-gateway,22.58,36.28,331.35,181.3,0.336,,181.6
2026-01-20T14:19:00,INC-005,database,27.76,64.41,1128.38,2.6,0.022,36.24,
2026-01-20T14:19:00,INC-005,inventory-service,13.57,36.02,126.60,35.2,0.269,19.37,88.5
2026-01-20T14:19:00,INC-005,orders-api,26.26,43.71,134.97,125.2,0.650,21.75,71.3
2026-01-20T14:19:00,INC-005,payment-api,27.98,45.41,28.41,235.3,0.418,36.09,141.9
2026-01-20T14:19:00,INC-005,recommendation-service,41.26,49.06,190.90,83.6,0.074,28.01,
2026-01-20T14:20:00,INC-005,api-gateway,21.95,36.24,320.29,171.5,0.318,,193.8
2026-01-20T14:20:00,INC-005,database,28.09,64.11,1140.54,2.8,0.018,36.62,
2026-01-20T14:20:00,INC-005,inventory-service,15.64,35.78,126.99,41.1,0.370,19.35,96.8
2026-01-20T14:20:00,INC-005,orders-api,26.81,43.93,135.20,117.2,0.493,20.81,75.6
2026-01-20T14:20:00,INC-005,payment-api,27.92,45.35,29.28,217.1,0.390,37.75,133.4
2026-01-20T14:20:00,INC-005,recommendation-service,40.19,49.02,190.93,88.9,0.220,30.30,
2026-01-20T14:21:00,INC-005,api-gateway,22.27,37.06,315.94,169.8,0.353,,188.8
2026-01-20T14:21:00,INC-005,database,27.30,64.41,1145.81,2.7,0.027,38.95,
2026-01-20T14:21:00,INC-005,inventory-service,17.53,35.57,127.28,81.4,0.639,16.86,102.2
2026-01-20T14:21:00,INC-005,orders-api,28.04,44.15,128.11,111.9,0.366,22.73,71.0
2026-01-20T14:21:00,INC-005,payment-api,27.54,46.13,29.03,209.9,0.351,39.75,133.2
2026-01-20T14:21:00,INC-005,recommendation-service,41.65,49.02,203.71,84.0,0.288,28.57,
2026-01-20T14:22:00,INC-005,api-gateway,21.52,36.60,317.32,152.9,0.227,,178.6
2026-01-20T14:22:00,INC-005,database,26.15,64.34,1171.85,2.6,0.023,37.97,
2026-01-20T14:22:00,INC-005,inventory-service,17.45,35.85,131.67,40.7,0.439,18.15,105.0
2026-01-20T14:22:00,INC-005,orders-api,29.13,43.27,137.83,111.1,0.476,21.91,75.5
2026-01-20T14:22:00,INC-005,payment-api,27.67,46.35,30.69,226.2,0.278,40.02,127.1
2026-01-20T14:22:00,INC-005,recommendation-service,40.31,48.54,190.54,81.9,0.208,28.21,
2026-01-20T14:23:00,INC-005,api-gateway,22.05,37.41,320.59,159.0,0.232,,187.2
2026-01-20T14:23:00,INC-005,database,26.48,64.45,1135.53,2.6,0.025,39.78,
2026-01-20T14:23:00,INC-005,inventory-service,17.35,36.02,128.82,34.2,0.437,17.87,110.9
2026-01-20T14:23:00,INC-005,orders-api,30.37,43.43,134.82,115.9,0.585,20.07,78.4
2026-01-20T14:23:00,INC-005,payment-api,28.31,46.55,31.51,208.0,0.405,38.03,125.4
2026-01-20T14:23:00,INC-005,recommendation-service,40.84,49.36,195.98,93.6,0.334,27.52,
2026-01-20T14:24:00,INC-005,api-gateway,21.81,37.01,332.45,164.3,0.203,,257.0
2026-01-20T14:24:00,INC-005,database,27.84,64.60,1118.21,2.4,0.015,39.93,
2026-01-20T14:24:00,INC-005,inventory-service,14.75,36.20,132.67,38.4,0.517,18.33,121.2
2026-01-20T14:24:00,INC-005,orders-api,29.00,43.48,146.71,104.5,0.461,19.09,78.6
2026-01-20T14:24:00,INC-005,payment-api,28.08,46.28,32.01,216.5,0.403,39.34,129.6
2026-01-20T14:24:00,INC-005,recommendation-service,45.49,52.29,190.06,175.2,0.401,27.38,
2026-01-20T14:25:00,INC-005,api-gateway,20.34,36.84,357.51,137.7,0.186,,193.9
2026-01-20T14:25:00,INC-005,database,27.13,65.21,1192.32,2.5,0.022,39.44,
2026-01-20T14:25:00,INC-005,inventory-service,16.06,36.32,134.58,38.5,0.391,20.71,127.7
2026-01-20T14:25:00,INC-005,orders-api,27.34,43.75,150.83,105.8,0.073,23.08,81.0
2026-01-20T14:25:00,INC-005,payment-api,27.96,47.17,32.73,245.6,0.293,39.60,125.6
2026-01-20T14:25:00,INC-005,recommendation-service,41.00,48.64,198.04,95.0,0.388,26.81,
2026-01-20T14:26:00,INC-005,api-gateway,21.09,36.91,372.70,145.5,0.157,,239.4
2026-01-20T14:26:00,INC-005,database,29.76,65.57,1188.77,4.2,0.103,41.36,
2026-01-20T14:26:00,INC-005,inventory-service,15.10,36.03,135.27,42.7,0.371,20.75,119.7
2026-01-20T14:26:00,INC-005,orders-api,27.32,43.55,146.20,110.9,0.365,31.35,96.5
2026-01-20T14:26:00,INC-005,payment-api,29.07,46.66,33.63,252.1,0.427,43.15,137.4
2026-01-20T14:26:00,INC-005,recommendation-service,41.66,49.01,201.76,94.7,0.209,28.22,
2026-01-20T14:27:00,INC-005,api-gateway,20.21,36.83,391.63,184.2,0.317,,276.8
2026-01-20T14:27:00,INC-005,database,36.76,64.81,1233.13,7.3,0.143,43.51,
2026-01-20T14:27:00,INC-005,inventory-service,12.77,35.73,143.47,46.9,0.553,22.69,98.6
2026-01-20T14:27:00,INC-005,orders-api,26.92,43.40,151.99,128.7,0.380,44.78,114.0
2026-01-20T14:27:00,INC-005,payment-api,30.32,46.59,33.32,314.3,0.471,42.74,148.7
2026-01-20T14:27:00,INC-005,recommendation-service,40.39,49.18,201.58,121.2,0.126,29.65,
2026-01-20T14:28:00,INC-005,api-gateway,22.28,35.89,384.78,192.2,0.356,,328.4
2026-01-20T14:28:00,INC-005,database,42.68,64.89,1291.26,10.7,0.474,48.07,
2026-01-20T14:28:00,INC-005,inventory-service,14.25,36.07,149.97,47.3,0.557,25.41,100.5
2026-01-20T14:28:00,INC-005,orders-api,30.06,43.26,156.90,141.8,0.511,64.35,139.2
2026-01-20T14:28:00,INC-005,payment-api,28.90,47.00,34.19,298.7,0.547,45.02,139.0
2026-01-20T14:28:00,INC-005,recommendation-service,39.87,49.13,202.46,136.4,0.118,33.55,
2026-01-20T14:29:00,INC-005,api-gateway,21.57,36.57,390.22,233.8,0.436,,352.9
2026-01-20T14:29:00,INC-005,database,50.23,64.89,1308.81,14.2,0.364,51.85,
2026-01-20T14:29:00,INC-005,inventory-service,13.07,36.41,155.95,46.7,0.452,29.41,93.6
2026-01-20T14:29:00,INC-005,orders-api,30.73,42.86,157.66,153.2,0.430,82.18,144.7
2026-01-20T14:29:00,INC-005,payment-api,29.71,46.93,36.48,335.8,0.562,49.84,149.2
2026-01-20T14:29:00,INC-005,recommendation-service,42.13,49.35,217.57,142.6,0.167,34.50,
2026-01-20T14:30:00,INC-005,api-gateway,23.01,36.92,424.97,2522.8,6.286,,3419.9
2026-01-20T14:30:00,INC-005,database,54.44,65.23,1330.73,13.8,0.246,53.75,
2026-01-20T14:30:00,INC-005,inventory-service,13.76,36.13,159.29,51.6,0.312,33.58,97.3
2026-01-20T14:30:00,INC-005,orders-api,28.64,43.27,173.36,3344.0,13.989,94.26,164.2
2026-01-20T14:30:00,INC-005,payment-api,30.26,47.27,39.13,382.2,0.443,51.62,160.7
2026-01-20T14:30:00,INC-005,recommendation-service,42.93,49.98,228.67,140.9,0.171,36.10,
2026-01-20T14:31:00,INC-005,api-gateway,23.46,36.72,423.04,3791.2,12.779,,5094.3
2026-01-20T14:31:00,INC-005,database,55.64,65.20,1334.66,15.9,0.562,54.30,
2026-01-20T14:31:00,INC-005,inventory-service,14.30,36.89,160.74,57.4,0.162,34.78,97.3
2026-01-20T14:31:00,INC-005,orders-api,27.63,43.53,165.07,5087.6,28.964,98.67,184.1
2026-01-20T14:31:00,INC-005,payment-api,31.19,47.04,38.94,404.5,0.323,51.83,154.9
2026-01-20T14:31:00,INC-005,recommendation-service,44.42,49.41,227.72,148.6,0.116,35.21,
2026-01-20T14:32:00,INC-005,api-gateway,23.71,36.99,430.92,3586.6,14.144,,4816.0
2026-01-20T14:32:00,INC-005,database,55.42,64.95,1356.28,14.3,0.657,54.86,
2026-01-20T14:32:00,INC-005,inventory-service,13.35,36.34,161.35,63.6,0.176,35.84,105.7
2026-01-20T14:32:00,INC-005,orders-api,28.00,43.49,161.82,4900.9,32.561,98.04,182.3
2026-01-20T14:32:00,INC-005,payment-api,30.89,46.56,38.56,419.0,0.280,52.06,156.8
2026-01-20T14:32:00,INC-005,recommendation-service,44.44,49.72,236.24,140.8,0.138,38.16,
2026-01-20T14:33:00,INC-005,api-gateway,21.78,36.34,424.31,3370.1,14.480,,4512.4
2026-01-20T14:33:00,INC-005,database,54.77,65.08,1367.52,15.9,1.168,55.07,
2026-01-20T14:33:00,INC-005,inventory-service,15.46,36.05,159.65,66.9,0.290,33.51,106.6
2026-01-20T14:33:00,INC-005,orders-api,27.33,43.72,157.85,4507.3,33.077,97.98,186.0
2026-01-20T14:33:00,INC-005,payment-api,29.65,46.60,39.40,417.3,0.369,53.18,141.3
2026-01-20T14:33:00,INC-005,recommendation-service,43.50,49.72,240.02,135.6,0.088,36.53,
2026-01-20T14:34:00,INC-005,api-gateway,21.07,36.43,411.59,3508.6,11.689,,4714.7
2026-01-20T14:34:00,INC-005,database,54.92,65.17,1433.15,14.6,1.443,56.93,
2026-01-20T14:34:00,INC-005,inventory-service,13.71,35.83,153.81,57.3,0.307,34.60,109.2
2026-01-20T14:34:00,INC-005,orders-api,28.99,44.39,166.20,4714.0,26.398,98.39,182.1
2026-01-20T14:34:00,INC-005,payment-api,31.42,47.16,39.10,400.5,0.276,54.28,139.7
2026-01-20T14:34:00,INC-005,recommendation-service,43.67,49.73,226.21,125.1,0.196,38.96,
2026-01-20T14:35:00,INC-005,api-gateway,20.90,36.47,430.14,3864.9,16.005,,5180.8
2026-01-20T14:35:00,INC-005,database,53.98,65.09,1408.14,15.5,0.575,55.62,
2026-01-20T14:35:00,INC-005,inventory-service,14.76,35.63,147.82,52.9,0.365,36.37,104.6
2026-01-20T14:35:00,INC-005,orders-api,29.25,43.77,171.30,5219.1,36.172,98.23,166.0
2026-01-20T14:35:00,INC-005,payment-api,30.07,46.61,36.86,382.7,0.319,56.77,160.6
2026-01-20T14:35:00,INC-005,recommendation-service,43.49,49.74,239.77,123.6,0.110,42.08,
2026-01-20T14:36:00,INC-005,api-gateway,21.66,36.47,422.72,3170.6,15.899,,4239.7
2026-01-20T14:36:00,INC-005,database,55.60,65.72,1383.57,15.4,1.353,55.59,
2026-01-20T14:36:00,INC-005,inventory-service,16.08,35.92,148.75,59.6,0.238,36.68,96.8
2026-01-20T14:36:00,INC-005,orders-api,29.33,43.16,173.14,4247.0,35.734,98.16,175.8
2026-01-20T14:36:00,INC-005,payment-api,30.29,46.10,36.83,378.3,0.380,55.69,163.4
2026-01-20T14:36:00,INC-005,recommendation-service,42.49,49.61,241.15,118.2,0.216,41.83,
2026-01-20T14:37:00,INC-005,api-gateway,19.36,36.35,394.70,3753.4,10.531,,5037.5
2026-01-20T14:37:00,INC-005,database,52.90,65.59,1353.05,16.9,0.477,56.46,
2026-01-20T14:37:00,INC-005,inventory-service,15.61,36.79,154.78,57.8,0.347,36.79,89.4
2026-01-20T14:37:00,INC-005,orders-api,29.42,43.10,169.95,5062.6,23.896,97.80,173.6
2026-01-20T14:37:00,INC-005,payment-api,31.46,46.05,35.74,384.7,0.458,57.98,157.8
2026-01-20T14:37:00,INC-005,recommendation-service,40.42,49.38,254.48,119.6,0.101,40.78,
2026-01-20T14:38:00,INC-005,api-gateway,22.90,35.88,416.14,3054.6,13.317,,4093.2
2026-01-20T14:38:00,INC-005,database,54.61,65.01,1379.67,16.7,1.120,58.63,
2026-01-20T14:38:00,INC-005,inventory-service,15.13,36.99,162.04,63.5,0.160,32.76,93.2
2026-01-20T14:38:00,INC-005,orders-api,29.29,43.06,172.63,4062.2,30.399,97.30,178.1
2026-01-20T14:38:00,INC-005,payment-api,28.78,45.88,35.09,387.3,0.446,54.82,161.1
2026-01-20T14:38:00,INC-005,recommendation-service,43.25,49.50,254.92,116.9,0.224,42.23,
2026-01-20T14:39:00,INC-005,api-gateway,23.17,36.01,421.81,3629.9,14.156,,4840.9
2026-01-20T14:39:00,INC-005,database,52.59,64.68,1377.23,15.0,0.740,57.31,
2026-01-20T14:39:00,INC-005,inventory-service,14.62,36.45,153.30,67.8,0.268,30.41,105.6
2026-01-20T14:39:00,INC-005,orders-api,27.31,43.61,174.57,4853.5,32.436,98.48,166.2
2026-01-20T14:39:00,INC-005,payment-api,28.91,46.27,37.27,361.3,0.327,56.43,144.2
2026-01-20T14:39:00,INC-005,recommendation-service,44.11,49.13,260.68,109.7,0.122,42.53,
2026-01-20T14:40:00,INC-005,api-gateway,21.84,36.05,408.60,3524.2,11.457,,4708.5
2026-01-20T14:40:00,INC-005,database,51.90,65.00,1326.74,14.2,0.995,56.88,
2026-01-20T14:40:00,INC-005,inventory-service,16.55,36.73,144.30,58.4,0.068,26.58,106.4
2026-01-20T14:40:00,INC-005,orders-api,29.16,43.39,172.60,4695.7,26.343,97.43,166.6
2026-01-20T14:40:00,INC-005,payment-api,28.29,47.00,38.69,376.0,0.415,53.59,140.7
2026-01-20T14:40:00,INC-005,recommendation-service,42.58,49.52,256.11,116.8,0.062,39.03,
2026-01-20T14:41:00,INC-005,api-gateway,23.33,35.96,421.20,3156.2,11.492,,4231.4
2026-01-20T14:41:00,INC-005,database,52.41,65.34,1349.14,14.4,0.490,54.70,
2026-01-20T14:41:00,INC-005,inventory-service,15.26,36.79,138.04,54.4,0.315,26.85,88.6
2026-01-20T14:41:00,INC-005,orders-api,30.09,43.18,170.96,4189.9,26.394,98.07,174.3
2026-01-20T14:41:00,INC-005,payment-api,28.78,47.47,37.06,392.5,0.261,53.15,145.1
2026-01-20T14:41:00,INC-005,recommendation-service,42.99,49.64,258.31,129.9,0.023,38.84,
2026-01-20T14:42:00,INC-005,api-gateway,22.58,36.03,407.98,2925.8,11.096,,3940.5
2026-01-20T14:42:00,INC-005,database,52.98,65.30,1336.33,15.1,0.369,54.72,
2026-01-20T14:42:00,INC-005,inventory-service,14.25,37.33,143.91,54.7,0.171,29.80,91.3
2026-01-20T14:42:00,INC-005,orders-api,27.96,43.98,169.41,3890.3,25.146,97.09,168.2
2026-01-20T14:42:00,INC-005,payment-api,28.27,47.60,36.69,391.7,0.256,53.85,144.8
2026-01-20T14:42:00,INC-005,recommendation-service,42.52,49.68,245.87,137.0,0.045,37.84,
2026-01-20T14:43:00,INC-005,api-gateway,23.22,36.29,421.46,3662.7,12.104,,4932.6
2026-01-20T14:43:00,INC-005,database,52.94,65.00,1253.28,16.0,1.028,55.22,
2026-01-20T14:43:00,INC-005,inventory-service,15.79,37.01,144.95,55.0,0.140,31.17,97.4
2026-01-20T14:43:00,INC-005,orders-api,28.35,44.41,169.15,4919.7,27.705,98.17,160.9
2026-01-20T14:43:00,INC-005,payment-api,27.44,47.37,36.20,390.7,0.233,53.20,143.5
2026-01-20T14:43:00,INC-005,recommendation-service,42.70,49.16,247.03,132.2,0.096,38.52,
2026-01-20T14:44:00,INC-005,api-gateway,19.42,36.34,398.39,3343.5,13.730,,4524.8
2026-01-20T14:44:00,INC-005,database,54.44,65.07,1271.39,16.6,0.941,55.46,
2026-01-20T14:44:00,INC-005,inventory-service,17.07,37.10,141.02,58.4,0.332,32.49,125.8
2026-01-20T14:44:00,INC-005,orders-api,28.80,44.20,163.76,4474.3,31.384,97.16,173.1
2026-01-20T14:44:00,INC-005,payment-api,28.71,47.60,38.07,377.2,0.136,50.51,138.5
2026-01-20T14:44:00,INC-005,recommendation-service,41.88,48.83,261.05,131.1,0.183,36.26,
2026-01-20T14:45:00,INC-005,api-gateway,17.60,36.05,402.12,3402.0,12.403,,4591.0
2026-01-20T14:45:00,INC-005,database,55.00,64.86,1312.80,15.4,1.088,54.33,
2026-01-20T14:45:00,INC-005,inventory-service,17.11,36.63,145.85,61.7,0.383,33.81,114.7
2026-01-20T14:45:00,INC-005,orders-api,29.62,44.07,163.78,4569.3,27.942,97.61,162.6
2026-01-20T14:45:00,INC-005,payment-api,28.43,48.01,39.20,368.2,0.188,49.46,135.3
2026-01-20T14:45:00,INC-005,recommendation-service,40.72,48.59,254.94,131.6,0.175,36.02,
2026-01-20T14:46:00,INC-005,api-gateway,18.95,36.50,404.18,2754.8,9.166,,3665.0
2026-01-20T14:46:00,INC-005,database,55.14,65.43,1308.05,14.8,0.846,53.90,
2026-01-20T14:46:00,INC-005,inventory-service,17.90,36.48,143.76,57.2,0.440,35.51,101.7
2026-01-20T14:46:00,INC-005,orders-api,28.42,44.24,154.26,3638.3,20.699,96.90,168.5
2026-01-20T14:46:00,INC-005,payment-api,25.69,47.48,39.70,364.9,0.000,50.59,147.5
2026-01-20T14:46:00,INC-005,recommendation-service,38.85,48.63,246.03,140.4,0.156,33.58,
2026-01-20T14:47:00,INC-005,api-gateway,20.36,36.05,401.21,3379.6,15.517,,4497.8
2026-01-20T14:47:00,INC-005,database,52.11,65.06,1326.18,14.9,0.622,53.71,
2026-01-20T14:47:00,INC-005,inventory-service,15.33,36.83,134.74,57.2,0.335,34.19,103.3
2026-01-20T14:47:00,INC-005,orders-api,29.09,43.74,154.30,4499.9,35.798,98.82,167.5
2026-01-20T14:47:00,INC-005,payment-api,28.06,46.81,37.69,345.0,0.184,53.00,157.5
2026-01-20T14:47:00,INC-005,recommendation-service,38.79,48.20,235.05,137.6,0.080,34.42,
2026-01-20T14:48:00,INC-005,api-gateway,19.02,36.06,383.59,2994.6,11.691,,3955.7
2026-01-20T14:48:00,INC-005,database,52.71,64.80,1262.32,15.9,0.356,54.42,
2026-01-20T14:48:00,INC-005,inventory-service,13.48,36.70,146.72,58.7,0.330,36.39,110.0
2026-01-20T14:48:00,INC-005,orders-api,28.99,43.64,173.94,3939.2,26.912,97.24,177.8
2026-01-20T14:48:00,INC-005,payment-api,28.12,46.93,36.36,405.0,0.194,52.47,147.6
2026-01-20T14:48:00,INC-005,recommendation-service,38.83,48.66,241.00,145.0,0.093,35.73,
2026-01-20T14:49:00,INC-005,api-gateway,22.25,35.99,383.21,3154.4,14.592,,4177.3
2026-01-20T14:49:00,INC-005,database,52.42,64.78,1234.81,14.8,1.105,55.69,
2026-01-20T14:49:00,INC-005,inventory-service,14.67,36.72,141.12,60.4,0.108,36.20,108.6
2026-01-20T14:49:00,INC-005,orders-api,29.89,43.82,168.29,4180.1,33.544,98.44,180.4
2026-01-20T14:49:00,INC-005,payment-api,29.76,46.73,35.38,384.0,0.236,52.36,127.2
2026-01-20T14:49:00,INC-005,recommendation-service,39.86,49.05,225.18,132.9,0.174,36.21,
2026-01-20T14:50:00,INC-005,api-gateway,22.86,35.97,396.08,3235.6,12.358,,4296.0
2026-01-20T14:50:00,INC-005,database,54.66,65.09,1267.72,13.6,1.155,54.82,
2026-01-20T14:50:00,INC-005,inventory-service,14.30,36.57,142.61,59.6,0.173,34.06,111.7
2026-01-20T14:50:00,INC-005,orders-api,30.15,43.64,168.93,4288.4,28.304,97.55,169.0
2026-01-20T14:50:00,INC-005,payment-api,30.81,46.21,33.22,340.9,0.154,51.82,143.5
2026-01-20T14:50:00,INC-005,recommendation-service,38.38,49.08,236.34,150.6,0.116,35.36,
2026-01-20T14:51:00,INC-005,api-gateway,22.99,36.16,364.93,3057.1,10.827,,4068.2
2026-01-20T14:51:00,INC-005,database,53.73,65.42,1254.92,14.2,1.461,53.74,
2026-01-20T14:51:00,INC-005,inventory-service,13.58,36.26,133.96,61.5,0.151,31.28,109.2
2026-01-20T14:51:00,INC-005,orders-api,29.97,43.85,168.69,4036.1,25.225,97.38,163.7
2026-01-20T14:51:00,INC-005,payment-api,29.69,45.95,31.30,334.1,0.175,51.97,135.6
2026-01-20T14:51:00,INC-005,recommendation-service,38.44,49.34,220.23,141.8,0.195,36.27,
2026-01-20T14:52:00,INC-005,api-gateway,25.24,36.33,377.66,3432.4,11.325,,4560.9
2026-01-20T14:52:00,INC-005,database,52.21,64.97,1276.67,14.4,0.495,53.18,
2026-01-20T14:52:00,INC-005,inventory-service,17.26,35.96,132.38,60.0,0.255,32.74,117.3
2026-01-20T14:52:00,INC-005,orders-api,28.13,44.09,159.87,4548.1,25.848,97.40,166.7
2026-01-20T14:52:00,INC-005,payment-api,28.32,46.36,30.25,366.7,0.208,50.47,122.7
2026-01-20T14:52:00,INC-005,recommendation-service,37.98,49.69,199.79,151.5,0.238,36.71,
2026-01-20T14:53:00,INC-005,api-gateway,24.18,36.49,362.40,3225.8,11.488,,4328.4
2026-01-20T14:53:00,INC-005,database,50.80,65.27,1218.35,14.8,0.279,52.20,
2026-01-20T14:53:00,INC-005,inventory-service,17.21,36.58,138.92,53.5,0.108,33.13,112.1
2026-01-20T14:53:00,INC-005,orders-api,30.56,43.68,161.34,4316.1,26.419,98.51,176.7
2026-01-20T14:53:00,INC-005,payment-api,30.51,46.40,31.44,379.2,0.307,48.49,133.8
2026-01-20T14:53:00,INC-005,recommendation-service,38.94,49.85,201.78,139.1,0.365,36.85,
2026-01-20T14:54:00,INC-005,api-gateway,25.38,36.32,384.91,2768.8,11.908,,3737.1
2026-01-20T14:54:00,INC-005,database,52.23,64.99,1159.23,16.1,0.639,51.24,
2026-01-20T14:54:00,INC-005,inventory-service,17.57,36.36,132.10,46.9,0.011,33.35,101.4
2026-01-20T14:54:00,INC-005,orders-api,27.74,44.00,157.89,3702.4,27.060,97.21,173.2
2026-01-20T14:54:00,INC-005,payment-api,30.29,46.03,29.22,379.8,0.270,49.36,138.5
2026-01-20T14:54:00,INC-005,recommendation-service,39.37,49.38,197.10,134.5,0.322,34.92,
2026-01-20T14:55:00,INC-005,api-gateway,24.32,35.86,374.19,3092.1,12.934,,4168.6
2026-01-20T14:55:00,INC-005,database,50.22,65.42,1136.74,15.6,0.733,55.53,
2026-01-20T14:55:00,INC-005,inventory-service,17.47,35.49,137.24,45.0,0.220,37.18,98.0
2026-01-20T14:55:00,INC-005,orders-api,30.71,44.16,156.64,4149.2,29.582,98.12,169.5
2026-01-20T14:55:00,INC-005,payment-api,32.19,46.43,29.62,352.1,0.328,45.02,150.0
2026-01-20T14:55:00,INC-005,recommendation-service,39.86,49.22,191.73,134.4,0.302,35.02,
2026-01-20T14:56:00,INC-005,api-gateway,24.28,35.96,369.91,2920.9,14.266,,3931.4
2026-01-20T14:56:00,INC-005,database,51.21,65.16,1143.49,35.8,0.892,54.80,
2026-01-20T14:56:00,INC-005,inventory-service,20.07,36.00,142.40,49.3,0.470,36.17,96.2
2026-01-20T14:56:00,INC-005,orders-api,29.70,43.61,170.25,3890.6,32.488,97.85,159.6
2026-01-20T14:56:00,INC-005,payment-api,32.03,46.49,30.44,368.1,0.149,46.12,157.1
2026-01-20T14:56:00,INC-005,recommendation-service,36.62,48.57,198.76,133.8,0.273,38.36,
2026-01-20T14:57:00,INC-005,api-gateway,24.51,35.45,365.67,3058.6,13.421,,4087.7
2026-01-20T14:57:00,INC-005,database,52.03,64.66,1112.70,14.1,0.622,52.25,
2026-01-20T14:57:00,INC-005,inventory-service,17.64,36.88,140.14,49.2,0.251,35.07,116.1
2026-01-20T14:57:00,INC-005,orders-api,27.53,43.50,157.04,4080.9,30.221,98.47,167.5
2026-01-20T14:57:00,INC-005,payment-api,31.30,46.46,30.44,383.5,0.035,47.03,159.0
2026-01-20T14:57:00,INC-005,recommendation-service,36.72,48.68,204.69,146.1,0.321,36.89,
2026-01-20T14:58:00,INC-005,api-gateway,24.94,35.18,364.73,3536.9,15.622,,4736.3
2026-01-20T14:58:00,INC-005,database,52.12,64.12,1158.48,15.1,0.520,52.68,
2026-01-20T14:58:00,INC-005,inventory-service,15.68,36.87,133.34,45.0,0.456,32.87,104.7
2026-01-20T14:58:00,INC-005,orders-api,27.23,43.80,154.18,4741.6,35.893,98.03,172.4
2026-01-20T14:58:00,INC-005,payment-api,31.24,46.00,31.42,405.3,0.028,45.00,160.2
2026-01-20T14:58:00,INC-005,recommendation-service,35.88,49.33,202.64,147.3,0.301,37.97,
2026-01-20T14:59:00,INC-005,api-gateway,22.57,35.29,352.48,2916.4,10.481,,3914.0
2026-01-20T14:59:00,INC-005,database,51.73,64.82,1110.67,13.2,1.274,52.76,
2026-01-20T14:59:00,INC-005,inventory-service,13.33,36.16,124.22,45.1,0.436,31.38,123.7
2026-01-20T14:59:00,INC-005,orders-api,28.77,43.22,150.25,3900.8,23.778,97.11,145.9
2026-01-20T14:59:00,INC-005,payment-api,29.28,45.83,32.91,351.1,0.146,48.46,140.9
2026-01-20T14:59:00,INC-005,recommendation-service,38.66,48.95,206.09,128.6,0.262,40.68,
2026-01-20T15:00:00,INC-005,api-gateway,21.14,36.23,345.50,3145.2,16.393,,4223.0
2026-01-20T15:00:00,INC-005,database,52.26,65.15,1139.59,13.0,1.311,53.70,
2026-01-20T15:00:00,INC-005,inventory-service,13.14,35.93,119.13,50.3,0.279,30.85,117.3
2026-01-20T15:00:00,INC-005,orders-api,27.58,43.21,152.04,4231.0,37.799,98.39,145.0
2026-01-20T15:00:00,INC-005,payment-api,30.08,45.64,33.52,312.8,0.091,48.43,132.3
2026-01-20T15:00:00,INC-005,recommendation-service,40.23,49.59,202.87,133.2,0.176,42.31,
2026-01-20T15:01:00,INC-005,api-gateway,18.92,35.57,341.34,3224.2,13.082,,4295.9
2026-01-20T15:01:00,INC-005,database,51.90,65.51,1080.68,14.3,1.054,51.63,
2026-01-20T15:01:00,INC-005,inventory-service,14.97,35.63,117.34,48.4,0.366,33.42,121.5
2026-01-20T15:01:00,INC-005,orders-api,28.13,43.14,142.50,4322.6,30.193,98.14,147.7
2026-01-20T15:01:00,INC-005,payment-api,29.84,45.35,30.87,315.7,0.151,45.84,124.1
2026-01-20T15:01:00,INC-005,recommendation-service,39.02,49.43,191.54,137.7,0.354,41.47,
2026-01-20T15:02:00,INC-005,api-gateway,18.81,35.48,321.30,3142.2,12.519,,4172.1
2026-01-20T15:02:00,INC-005,database,53.64,65.13,1027.86,13.9,1.508,51.63,
2026-01-20T15:02:00,INC-005,inventory-service,15.55,36.26,117.78,56.0,0.291,35.24,123.7
2026-01-20T15:02:00,INC-005,orders-api,25.57,43.07,141.91,4186.9,29.046,98.72,160.3
2026-01-20T15:02:00,INC-005,payment-api,28.28,45.62,29.47,314.6,0.122,45.64,147.4
2026-01-20T15:02:00,INC-005,recommendation-service,38.99,50.06,205.14,151.3,0.309,44.06,
2026-01-20T15:03:00,INC-005,api-gateway,18.64,36.02,338.23,3333.0,14.139,,4413.9
2026-01-20T15:03:00,INC-005,database,51.26,65.08,1053.28,14.8,0.599,49.79,
2026-01-20T15:03:00,INC-005,inventory-service,14.65,36.63,115.56,53.4,0.416,32.39,115.6
2026-01-20T15:03:00,INC-005,orders-api,26.94,43.33,141.68,4423.8,32.701,98.80,158.4
2026-01-20T15:03:00,INC-005,payment-api,26.81,45.44,28.50,317.8,0.165,45.78,158.2
2026-01-20T15:03:00,INC-005,recommendation-service,41.21,49.56,206.95,152.2,0.328,42.20,
2026-01-20T15:04:00,INC-005,api-gateway,19.72,35.90,337.94,3649.3,13.019,,4868.5
2026-01-20T15:04:00,INC-005,database,52.59,65.68,1074.75,15.3,0.306,51.71,
2026-01-20T15:04:00,INC-005,inventory-service,13.60,37.09,117.94,55.6,0.325,34.23,113.4
2026-01-20T15:04:00,INC-005,orders-api,28.24,42.62,139.81,4874.6,30.080,98.78,163.2
2026-01-20T15:04:00,INC-005,payment-api,28.47,45.80,28.35,305.3,0.242,49.22,139.1
2026-01-20T15:04:00,INC-005,recommendation-service,40.95,49.56,201.84,144.1,0.436,40.55,
2026-01-20T15:05:00,INC-005,api-gateway,21.17,36.43,332.90,3323.0,13.174,,4409.8
2026-01-20T15:05:00,INC-005,database,51.44,65.30,1050.41,13.9,0.430,53.97,
2026-01-20T15:05:00,INC-005,inventory-service,11.19,36.99,116.78,58.3,0.414,33.90,110.2
2026-01-20T15:05:00,INC-005,orders-api,28.61,43.02,138.18,4437.0,30.573,97.14,156.3
2026-01-20T15:05:00,INC-005,payment-api,28.05,46.11,29.48,272.3,0.271,51.16,142.4
2026-01-20T15:05:00,INC-005,recommendation-service,40.02,49.97,202.78,134.3,0.247,39.28,
2026-01-20T15:06:00,INC-005,api-gateway,20.79,36.57,356.30,3359.3,14.137,,4494.0
2026-01-20T15:06:00,INC-005,database,51.56,64.91,1103.65,12.8,0.624,53.87,
2026-01-20T15:06:00,INC-005,inventory-service,11.67,36.73,118.22,58.1,0.613,32.80,101.0
2026-01-20T15:06:00,INC-005,orders-api,27.79,42.65,135.06,4498.3,32.722,97.34,166.7
2026-01-20T15:06:00,INC-005,payment-api,28.85,46.38,28.32,301.8,0.394,50.70,158.7
2026-01-20T15:06:00,INC-005,recommendation-service,38.85,49.16,203.33,127.8,0.253,38.71,
2026-01-20T15:07:00,INC-005,api-gateway,21.06,36.01,349.57,3380.9,10.584,,4502.6
2026-01-20T15:07:00,INC-005,database,52.81,65.46,1074.09,13.9,0.341,55.20,
2026-01-20T15:07:00,INC-005,inventory-service,11.18,37.45,122.91,56.1,0.559,32.73,100.0
2026-01-20T15:07:00,INC-005,orders-api,27.85,42.49,134.63,4523.8,24.243,97.71,152.8
2026-01-20T15:07:00,INC-005,payment-api,29.71,45.95,29.78,316.4,0.499,50.80,158.2
2026-01-20T15:07:00,INC-005,recommendation-service,37.41,49.17,210.23,140.0,0.392,41.15,
2026-01-20T15:08:00,INC-005,api-gateway,20.53,35.64,328.69,3301.8,9.893,,4417.9
2026-01-20T15:08:00,INC-005,database,53.50,65.13,1077.91,13.3,1.498,54.65,
2026-01-20T15:08:00,INC-005,inventory-service,13.99,37.43,125.67,53.7,0.455,29.93,98.6
2026-01-20T15:08:00,INC-005,orders-api,28.09,42.12,139.86,4417.9,22.845,97.12,157.7
2026-01-20T15:08:00,INC-005,payment-api,29.46,46.59,32.29,317.1,0.471,50.50,154.6
2026-01-20T15:08:00,INC-005,recommendation-service,35.43,48.32,208.83,125.6,0.255,42.06,
2026-01-20T15:09:00,INC-005,api-gateway,20.50,35.88,322.50,3711.2,13.094,,4967.1
2026-01-20T15:09:00,INC-005,database,51.54,64.96,1105.13,14.9,1.120,53.50,
2026-01-20T15:09:00,INC-005,inventory-service,14.25,37.84,128.78,59.3,0.329,29.14,96.1
2026-01-20T15:09:00,INC-005,orders-api,27.89,42.54,132.34,4954.5,30.306,98.57,192.6
2026-01-20T15:09:00,INC-005,payment-api,28.30,46.19,31.11,468.3,1.037,48.77,145.1
2026-01-20T15:09:00,INC-005,recommendation-service,38.15,48.82,206.68,138.9,0.256,40.00,
2026-01-20T15:10:00,INC-005,api-gateway,20.84,36.19,330.75,3471.7,13.070,,4638.0
2026-01-20T15:10:00,INC-005,database,53.05,65.07,1036.89,14.0,1.224,52.50,
2026-01-20T15:10:00,INC-005,inventory-service,14.74,37.12,126.97,66.0,0.390,29.70,98.8
2026-01-20T15:10:00,INC-005,orders-api,27.87,43.29,129.63,4684.4,30.040,97.14,173.3
2026-01-20T15:10:00,INC-005,payment-api,28.62,46.59,29.71,315.1,0.412,47.26,147.7
2026-01-20T15:10:00,INC-005,recommendation-service,39.57,49.20,201.64,129.5,0.221,37.13,
2026-01-20T15:11:00,INC-005,api-gateway,20.65,36.76,335.63,3544.1,11.776,,4758.5
2026-01-20T15:11:00,INC-005,database,51.78,65.03,1095.78,14.1,1.000,55.07,
2026-01-20T15:11:00,INC-005,inventory-service,14.54,37.13,128.42,62.3,0.488,30.14,104.6
2026-01-20T15:11:00,INC-005,orders-api,26.36,43.92,132.86,4762.8,26.893,97.64,170.6
2026-01-20T15:11:00,INC-005,payment-api,30.97,47.26,29.07,336.9,0.443,51.82,149.8
2026-01-20T15:11:00,INC-005,recommendation-service,38.99,49.18,205.09,147.2,0.177,39.43,
2026-01-20T15:12:00,INC-005,api-gateway,18.81,36.78,328.51,3919.4,12.304,,5255.8
2026-01-20T15:12:00,INC-005,database,53.84,65.30,1069.18,14.0,0.723,54.56,
2026-01-20T15:12:00,INC-005,inventory-service,16.12,37.19,119.80,58.5,0.630,32.52,101.9
2026-01-20T15:12:00,INC-005,orders-api,27.38,43.70,133.02,5264.3,28.502,98.70,163.8
2026-01-20T15:12:00,INC-005,payment-api,28.24,46.71,29.72,343.9,0.506,51.66,159.8
2026-01-20T15:12:00,INC-005,recommendation-service,40.45,49.59,203.50,148.6,0.174,39.25,
2026-01-20T15:13:00,INC-005,api-gateway,17.76,36.77,336.60,3451.7,15.408,,4630.4
2026-01-20T15:13:00,INC-005,database,53.15,65.32,1083.29,15.2,1.292,55.22,
2026-01-20T15:13:00,INC-005,inventory-service,16.37,37.21,121.17,56.0,0.410,32.51,102.7
2026-01-20T15:13:00,INC-005,orders-api,27.56,43.83,135.45,4616.0,35.762,98.84,174.9
2026-01-20T15:13:00,INC-005,payment-api,28.60,47.28,30.66,377.3,0.365,52.95,130.6
2026-01-20T15:13:00,INC-005,recommendation-service,38.43,49.79,203.52,152.6,0.225,37.21,
2026-01-20T15:14:00,INC-005,api-gateway,16.71,36.59,348.79,3675.1,14.964,,4899.0
2026-01-20T15:14:00,INC-005,database,50.32,64.78,1038.46,16.1,0.728,55.69,
2026-01-20T15:14:00,INC-005,inventory-service,14.34,37.10,121.25,54.4,0.520,32.91,111.2
2026-01-20T15:14:00,INC-005,orders-api,27.04,43.64,134.44,4909.0,34.855,98.18,174.7
2026-01-20T15:14:00,INC-005,payment-api,30.26,47.66,28.47,343.3,0.476,49.43,131.1
2026-01-20T15:14:00,INC-005,recommendation-service,41.69,49.54,199.30,139.7,0.344,37.14,
2026-01-20T15:15:00,INC-005,api-gateway,19.09,36.28,355.65,3241.0,16.605,,4318.2
2026-01-20T15:15:00,INC-005,database,51.55,64.12,1073.21,14.8,0.922,57.25,
2026-01-20T15:15:00,INC-005,inventory-service,14.09,36.99,126.36,57.6,0.293,31.59,131.2
2026-01-20T15:15:00,INC-005,orders-api,26.03,43.89,130.53,4299.8,38.267,98.38,164.5
2026-01-20T15:15:00,INC-005,payment-api,29.34,47.60,27.53,309.4,0.371,50.97,124.3
2026-01-20T15:15:00,INC-005,recommendation-service,42.28,49.80,195.86,134.0,0.312,37.88,
2026-01-20T15:16:00,INC-005,api-gateway,18.32,35.71,352.19,3393.0,11.415,,4522.0
2026-01-20T15:16:00,INC-005,database,49.55,64.49,1068.12,14.6,1.252,56.74,
2026-01-20T15:16:00,INC-005,inventory-service,16.77,36.90,122.82,60.3,0.378,34.03,124.0
2026-01-20T15:16:00,INC-005,orders-api,27.74,42.84,134.95,4523.5,25.758,97.81,181.8
2026-01-20T15:16:00,INC-005,payment-api,25.98,47.63,27.00,318.4,0.300,51.99,133.7
2026-01-20T15:16:00,INC-005,recommendation-service,40.52,49.84,188.69,133.3,0.304,37.75,
2026-01-20T15:17:00,INC-005,api-gateway,21.02,35.41,351.92,3183.3,14.325,,4255.6
2026-01-20T15:17:00,INC-005,database,50.36,64.99,1138.28,13.6,1.351,55.58,
2026-01-20T15:17:00,INC-005,inventory-service,15.06,36.72,119.82,53.4,0.392,33.18,103.7
2026-01-20T15:17:00,INC-005,orders-api,27.81,42.76,137.62,4251.0,33.136,97.74,179.5
2026-01-20T15:17:00,INC-005,payment-api,27.69,47.53,29.30,351.9,0.300,50.15,139.1
2026-01-20T15:17:00,INC-005,recommendation-service,41.48,50.24,192.99,139.8,0.256,34.40,
2026-01-20T15:18:00,INC-005,api-gateway,20.31,35.87,373.04,3324.6,13.175,,4426.3
2026-01-20T15:18:00,INC-005,database,50.61,65.36,1131.98,13.3,0.654,54.29,
2026-01-20T15:18:00,INC-005,inventory-service,14.23,36.71,125.49,56.3,0.644,33.76,105.2
2026-01-20T15:18:00,INC-005,orders-api,27.91,42.77,136.63,4440.8,30.680,97.70,166.0
2026-01-20T15:18:00,INC-005,payment-api,28.61,47.23,29.20,318.9,0.305,51.30,134.9
2026-01-20T15:18:00,INC-005,recommendation-service,41.70,49.39,202.26,133.1,0.172,35.98,
2026-01-20T15:19:00,INC-005,api-gateway,22.03,35.62,367.72,3435.4,9.079,,4539.6
2026-01-20T15:19:00,INC-005,database,52.43,65.10,1121.38,13.8,1.363,55.26,
2026-01-20T15:19:00,INC-005,inventory-service,14.63,36.34,129.58,60.7,0.468,32.66,108.3
2026-01-20T15:19:00,INC-005,orders-api,25.85,42.55,134.54,4548.7,21.292,96.96,179.8
2026-01-20T15:19:00,INC-005,payment-api,27.92,47.58,28.38,351.0,0.317,51.99,142.6
2026-01-20T15:19:00,INC-005,recommendation-service,43.28,49.04,211.38,120.4,0.203,36.03,
2026-01-20T15:20:00,INC-005,api-gateway,20.82,35.67,355.82,2454.2,7.136,,3274.5
2026-01-20T15:20:00,INC-005,database,51.71,65.69,1166.78,13.5,1.302,52.77,
2026-01-20T15:20:00,INC-005,inventory-service,16.50,36.25,128.22,57.9,0.396,32.88,116.1
2026-01-20T15:20:00,INC-005,orders-api,26.05,42.88,124.60,3237.0,16.818,94.04,178.7
2026-01-20T15:20:00,INC-005,payment-api,28.11,47.89,29.04,322.4,0.286,54.32,142.0
2026-01-20T15:20:00,INC-005,recommendation-service,40.55,49.12,214.70,120.4,0.262,37.10,
2026-01-20T15:21:00,INC-005,api-gateway,18.29,35.16,358.90,238.6,0.160,,316.1
2026-01-20T15:21:00,INC-005,database,47.94,65.43,1195.69,13.2,1.040,50.05,
2026-01-20T15:21:00,INC-005,inventory-service,16.87,36.18,134.08,54.1,0.485,32.41,116.3
2026-01-20T15:21:00,INC-005,orders-api,26.32,43.23,140.52,165.7,0.482,81.92,168.8
2026-01-20T15:21:00,INC-005,payment-api,29.12,47.09,29.84,338.3,0.319,49.90,150.6
2026-01-20T15:21:00,INC-005,recommendation-service,41.06,48.88,219.61,125.7,0.389,36.03,
2026-01-20T15:22:00,INC-005,api-gateway,16.54,35.30,354.92,203.1,0.114,,289.3
2026-01-20T15:22:00,INC-005,database,43.00,65.17,1200.01,10.6,0.588,46.53,
2026-01-20T15:22:00,INC-005,inventory-service,18.61,36.37,135.76,46.9,0.293,31.37,101.6
2026-01-20T15:22:00,INC-005,orders-api,24.19,42.45,135.92,154.9,0.446,63.99,140.6
2026-01-20T15:22:00,INC-005,payment-api,27.23,47.01,30.95,321.4,0.260,48.68,141.1
2026-01-20T15:22:00,INC-005,recommendation-service,39.91,49.41,217.36,103.7,0.396,31.77,
2026-01-20T15:23:00,INC-005,api-gateway,18.55,35.41,363.78,190.4,0.169,,239.7
2026-01-20T15:23:00,INC-005,database,36.25,64.33,1220.43,6.5,0.281,44.26,
2026-01-20T15:23:00,INC-005,inventory-service,17.97,36.26,136.32,43.7,0.297,25.89,95.2
2026-01-20T15:23:00,INC-005,orders-api,26.34,42.99,143.15,143.9,0.355,44.78,116.5
2026-01-20T15:23:00,INC-005,payment-api,26.82,46.85,32.20,283.9,0.244,44.65,139.7
2026-01-20T15:23:00,INC-005,recommendation-service,39.64,49.24,212.55,97.7,0.260,30.40,
2026-01-20T15:24:00,INC-005,api-gateway,21.02,35.48,375.08,159.4,0.227,,230.7
2026-01-20T15:24:00,INC-005,database,30.41,64.67,1181.04,4.0,0.092,37.98,
2026-01-20T15:24:00,INC-005,inventory-service,15.78,35.70,139.44,41.4,0.129,24.79,105.9
2026-01-20T15:24:00,INC-005,orders-api,25.95,43.14,145.76,115.6,0.398,28.95,85.9
2026-01-20T15:24:00,INC-005,payment-api,26.40,47.00,31.45,252.2,0.291,41.71,139.1
2026-01-20T15:24:00,INC-005,recommendation-service,40.82,48.71,219.37,82.2,0.252,26.20,
2026-01-20T15:25:00,INC-005,api-gateway,22.26,35.63,365.02,152.1,0.004,,206.4
2026-01-20T15:25:00,INC-005,database,28.91,64.37,1192.98,2.5,0.003,36.44,
2026-01-20T15:25:00,INC-005,inventory-service,15.11,35.63,131.64,40.0,0.252,21.93,105.2
2026-01-20T15:25:00,INC-005,orders-api,27.29,43.48,145.93,106.7,0.474,21.39,83.5
2026-01-20T15:25:00,INC-005,payment-api,26.47,47.20,31.15,225.0,0.471,41.73,131.8
2026-01-20T15:25:00,INC-005,recommendation-service,40.37,48.77,228.58,87.2,0.129,25.91,
2026-01-20T15:26:00,INC-005,api-gateway,21.74,35.98,382.19,152.3,0.170,,207.9
2026-01-20T15:26:00,INC-005,database,27.72,64.57,1227.38,2.5,0.003,34.12,
2026-01-20T15:26:00,INC-005,inventory-service,15.07,35.94,138.86,42.6,0.283,20.23,96.9
2026-01-20T15:26:00,INC-005,orders-api,27.77,43.92,150.39,101.8,0.479,21.62,75.4
2026-01-20T15:26:00,INC-005,payment-api,26.43,46.77,33.40,231.0,0.586,44.06,118.1
2026-01-20T15:26:00,INC-005,recommendation-service,43.50,49.05,226.42,89.7,0.005,25.00,
2026-01-20T15:27:00,INC-005,api-gateway,22.46,36.20,361.26,153.8,0.007,,185.0
2026-01-20T15:27:00,INC-005,database,27.94,64.59,1217.99,2.4,0.008,36.66,
2026-01-20T15:27:00,INC-005,inventory-service,13.90,35.93,139.74,40.7,0.159,21.90,105.1
2026-01-20T15:27:00,INC-005,orders-api,27.27,43.93,154.97,113.6,0.569,22.53,75.6
2026-01-20T15:27:00,INC-005,payment-api,28.08,46.35,34.96,239.3,0.558,45.53,122.4
2026-01-20T15:27:00,INC-005,recommendation-service,42.47,49.15,240.29,84.5,0.000,24.63,
2026-01-20T15:28:00,INC-005,api-gateway,21.87,35.73,378.32,149.6,0.000,,177.3
2026-01-20T15:28:00,INC-005,database,27.56,65.19,1161.32,2.6,0.020,35.10,
2026-01-20T15:28:00,INC-005,inventory-service,12.93,36.33,136.01,37.5,0.115,21.03,106.0
2026-01-20T15:28:00,INC-005,orders-api,25.43,43.38,156.10,126.6,0.565,21.03,77.5
2026-01-20T15:28:00,INC-005,payment-api,27.53,46.83,34.61,224.6,0.717,42.44,125.6
2026-01-20T15:28:00,INC-005,recommendation-service,43.03,48.94,232.68,77.2,0.038,25.63,
2026-01-20T15:29:00,INC-005,api-gateway,22.79,36.57,381.32,150.0,0.135,,187.9
2026-01-20T15:29:00,INC-005,database,27.42,64.95,1175.51,2.2,0.019,38.50,
2026-01-20T15:29:00,INC-005,inventory-service,14.86,36.38,136.82,36.1,0.273,19.52,106.6
2026-01-20T15:29:00,INC-005,orders-api,27.28,43.69,151.34,125.3,0.537,19.29,75.3
2026-01-20T15:29:00,INC-005,payment-api,28.50,47.15,36.38,263.6,0.725,44.17,127.5
2026-01-20T15:29:00,INC-005,recommendation-service,41.52,49.51,235.96,82.4,0.164,28.01,
2026-01-20T15:30:00,INC-005,api-gateway,21.19,36.39,402.37,159.6,0.192,,188.8
2026-01-20T15:30:00,INC-005,database,27.41,64.32,1283.36,2.3,0.022,38.36,
2026-01-20T15:30:00,INC-005,inventory-service,14.25,36.71,146.51,38.1,0.455,20.42,99.9
2026-01-20T15:30:00,INC-005,orders-api,24.54,43.54,154.26,106.0,0.544,17.97,82.3
2026-01-20T15:30:00,INC-005,payment-api,28.90,46.77,36.69,279.3,0.561,41.78,122.5
2026-01-20T15:30:00,INC-005,recommendation-service,44.80,49.43,242.11,83.9,0.165,26.23,
2026-01-20T15:31:00,INC-005,api-gateway,21.31,36.86,407.05,172.0,0.257,,202.9
2026-01-20T15:31:00,INC-005,database,26.00,64.58,1337.52,2.4,0.021,36.17,
2026-01-20T15:31:00,INC-005,inventory-service,13.84,36.64,149.54,36.0,0.234,22.98,95.4
2026-01-20T15:31:00,INC-005,orders-api,26.34,43.28,164.55,120.5,0.596,18.30,83.0
2026-01-20T15:31:00,INC-005,payment-api,29.34,46.12,37.49,266.7,0.468,42.21,135.0
2026-01-20T15:31:00,INC-005,recommendation-service,45.36,49.00,244.19,85.9,0.253,24.65,
2026-01-20T15:32:00,INC-005,api-gateway,21.66,36.82,404.88,176.4,0.137,,213.4
2026-01-20T15:32:00,INC-005,database,28.90,64.52,1419.53,2.4,0.027,36.34,
2026-01-20T15:32:00,INC-005,inventory-service,14.16,36.65,153.01,35.3,0.342,24.87,104.6
2026-01-20T15:32:00,INC-005,orders-api,27.54,43.08,169.25,124.2,0.560,18.95,87.5
2026-01-20T15:32:00,INC-005,payment-api,29.40,46.42,38.74,278.3,0.336,41.73,147.1
2026-01-20T15:32:00,INC-005,recommendation-service,43.40,48.68,239.94,89.4,0.136,25.83,
2026-01-20T15:33:00,INC-005,api-gateway,21.41,36.28,392.91,166.2,0.204,,212.1
2026-01-20T15:33:00,INC-005,database,26.09,64.71,1337.66,2.3,0.025,36.79,
2026-01-20T15:33:00,INC-005,inventory-service,14.82,36.92,151.50,37.1,0.381,23.51,106.2
2026-01-20T15:33:00,INC-005,orders-api,27.84,43.07,163.19,115.0,0.519,20.28,76.6
2026-01-20T15:33:00,INC-005,payment-api,26.53,46.53,39.96,240.9,0.133,40.96,128.2
2026-01-20T15:33:00,INC-005,recommendation-service,45.22,48.98,245.70,93.6,0.199,24.23,
2026-01-20T15:34:00,INC-005,api-gateway,22.99,36.44,389.22,185.0,0.151,,214.6
2026-01-20T15:34:00,INC-005,database,26.62,64.93,1274.96,2.3,0.031,38.17,
2026-01-20T15:34:00,INC-005,inventory-service,17.05,36.52,151.07,37.1,0.437,24.12,90.3
2026-01-20T15:34:00,INC-005,orders-api,27.45,43.63,153.17,114.8,0.382,22.52,73.7
2026-01-20T15:34:00,INC-005,payment-api,26.08,46.66,36.68,247.4,0.320,40.31,136.9
2026-01-20T15:34:00,INC-005,recommendation-service,44.48,49.37,239.06,94.1,0.249,23.65,
2026-01-20T15:35:00,INC-005,api-gateway,22.33,36.57,390.61,189.3,0.325,,212.6
2026-01-20T15:35:00,INC-005,database,26.01,64.46,1286.72,2.2,0.022,37.43,
2026-01-20T15:35:00,INC-005,inventory-service,16.10,36.42,154.34,40.0,0.273,24.62,87.3
2026-01-20T15:35:00,INC-005,orders-api,28.43,43.98,162.81,107.4,0.515,24.31,66.6
2026-01-20T15:35:00,INC-005,payment-api,28.29,46.08,37.58,241.9,0.678,40.53,140.4
2026-01-20T15:35:00,INC-005,recommendation-service,46.00,49.66,245.52,100.9,0.331,26.09,
2026-01-20T15:36:00,INC-005,api-gateway,23.89,36.41,404.96,182.9,0.322,,209.4
2026-01-20T15:36:00,INC-005,database,26.74,64.30,1317.77,2.4,0.026,33.41,
2026-01-20T15:36:00,INC-005,inventory-service,17.67,36.76,157.82,42.2,0.336,22.34,86.4
2026-01-20T15:36:00,INC-005,orders-api,28.53,44.81,168.73,101.1,0.355,22.85,71.8
2026-01-20T15:36:00,INC-005,payment-api,28.07,46.28,37.83,247.1,0.527,38.08,141.4
2026-01-20T15:36:00,INC-005,recommendation-service,45.64,49.23,251.52,99.4,0.407,27.88,
2026-01-20T15:37:00,INC-005,api-gateway,23.86,35.85,426.53,167.6,0.292,,182.7
2026-01-20T15:37:00,INC-005,database,29.30,64.37,1313.69,2.3,0.030,38.50,
2026-01-20T15:37:00,INC-005,inventory-service,16.92,36.71,152.16,38.6,0.367,21.98,106.2
2026-01-20T15:37:00,INC-005,orders-api,27.53,44.54,163.86,98.4,0.411,24.70,71.3
2026-01-20T15:37:00,INC-005,payment-api,26.06,46.74,36.91,223.7,0.341,40.25,149.0
2026-01-20T15:37:00,INC-005,recommendation-service,43.53,49.32,239.86,105.0,0.468,29.32,
2026-01-20T15:38:00,INC-005,api-gateway,22.18,36.05,402.29,159.3,0.163,,186.2
2026-01-20T15:38:00,INC-005,database,29.07,65.09,1263.77,2.5,0.025,41.64,
2026-01-20T15:38:00,INC-005,inventory-service,15.88,36.80,148.29,42.2,0.354,19.21,103.9
2026-01-20T15:38:00,INC-005,orders-api,27.78,44.33,161.76,114.0,0.394,23.39,68.1
2026-01-20T15:38:00,INC-005,payment-api,29.52,46.36,35.87,211.1,0.283,41.27,140.3
2026-01-20T15:38:00,INC-005,recommendation-service,42.81,49.04,232.57,105.4,0.331,29.19,
2026-01-20T15:39:00,INC-005,api-gateway,21.67,36.13,421.27,171.2,0.273,,191.9
2026-01-20T15:39:00,INC-005,database,30.80,64.52,1333.81,2.6,0.020,40.58,
2026-01-20T15:39:00,INC-005,inventory-service,15.54,37.00,143.91,38.8,0.394,17.17,104.5
2026-01-20T15:39:00,INC-005,orders-api,27.48,43.40,155.74,119.9,0.415,22.76,71.0
2026-01-20T15:39:00,INC-005,payment-api,29.54,46.42,35.49,217.6,0.223,42.47,148.4
2026-01-20T15:39:00,INC-005,recommendation-service,42.45,48.60,244.89,98.8,0.300,25.96,
2026-01-20T15:40:00,INC-005,api-gateway,21.37,36.58,438.77,252.3,0.461,,168.6
2026-01-20T15:40:00,INC-005,database,32.19,64.01,1355.53,2.6,0.032,39.31,
2026-01-20T15:40:00,INC-005,inventory-service,16.82,37.21,147.04,37.8,0.395,20.39,103.0
2026-01-20T15:40:00,INC-005,orders-api,26.58,43.57,152.61,134.4,0.325,22.04,73.7
2026-01-20T15:40:00,INC-005,payment-api,28.95,46.59,33.91,217.7,0.214,42.50,136.1
2026-01-20T15:40:00,INC-005,recommendation-service,43.30,48.89,232.63,77.3,0.234,28.06,
2026-01-20T15:41:00,INC-005,api-gateway,22.65,37.09,439.79,154.4,0.261,,174.5
2026-01-20T15:41:00,INC-005,database,29.73,64.57,1313.14,2.6,0.039,39.94,
2026-01-20T15:41:00,INC-005,inventory-service,15.67,37.10,146.35,35.6,0.211,19.85,90.2
2026-01-20T15:41:00,INC-005,orders-api,27.09,42.71,157.31,123.6,0.298,21.84,76.5
2026-01-20T15:41:00,INC-005,payment-api,27.39,45.86,35.29,226.5,0.316,42.40,131.7
2026-01-20T15:41:00,INC-005,recommendation-service,40.05,49.36,228.45,72.2,0.231,27.64,
2026-01-20T15:42:00,INC-005,api-gateway,23.24,37.40,411.04,159.6,0.183,,193.7
2026-01-20T15:42:00,INC-005,database,29.26,64.70,1330.16,2.6,0.033,38.80,
2026-01-20T15:42:00,INC-005,inventory-service,16.09,36.85,146.62,35.3,0.300,21.57,101.4
2026-01-20T15:42:00,INC-005,orders-api,27.61,42.56,155.22,125.6,0.381,22.13,96.7
2026-01-20T15:42:00,INC-005,payment-api,28.29,46.22,33.73,244.4,0.248,42.34,133.8
2026-01-20T15:42:00,INC-005,recommendation-service,39.47,49.32,234.29,78.8,0.194,26.55,
2026-01-20T15:43:00,INC-005,api-gateway,23.62,37.46,388.20,172.3,0.131,,202.1
2026-01-20T15:43:00,INC-005,database,28.94,64.59,1334.43,2.6,0.031,37.95,
2026-01-20T15:43:00,INC-005,inventory-service,18.38,36.93,145.87,40.0,0.388,20.77,105.5
2026-01-20T15:43:00,INC-005,orders-api,26.61,42.56,166.02,116.0,0.377,19.50,93.8
2026-01-20T15:43:00,INC-005,payment-api,29.83,46.69,32.02,244.4,0.292,38.52,133.1
2026-01-20T15:43:00,INC-005,recommendation-service,38.93,49.22,233.33,84.3,0.327,27.91,
2026-01-20T15:44:00,INC-005,api-gateway,23.43,36.87,416.55,176.8,0.356,,207.6
2026-01-20T15:44:00,INC-005,database,28.58,64.52,1309.05,2.8,0.015,37.02,
2026-01-20T15:44:00,INC-005,inventory-service,17.48,36.61,148.39,41.0,0.296,22.45,102.8
2026-01-20T15:44:00,INC-005,orders-api,26.13,42.86,168.90,121.7,0.460,17.75,90.5
2026-01-20T15:44:00,INC-005,payment-api,29.92,46.63,34.29,275.5,0.361,40.28,139.8
2026-01-20T15:44:00,INC-005,recommendation-service,40.08,49.04,232.26,84.9,0.364,28.30,
2026-01-20T15:45:00,INC-005,api-gateway,22.48,36.75,390.57,190.5,0.430,,184.3
2026-01-20T15:45:00,INC-005,database,27.89,64.77,1287.22,2.6,0.023,35.83,
2026-01-20T15:45:00,INC-005,inventory-service,16.86,36.65,141.38,42.7,0.337,21.63,100.5
2026-01-20T15:45:00,INC-005,orders-api,25.40,42.83,160.93,106.3,0.558,19.06,82.8
2026-01-20T15:45:00,INC-005,payment-api,27.45,46.19,34.44,260.9,0.399,40.15,153.9
2026-01-20T15:45:00,INC-005,recommendation-service,41.55,49.03,230.63,83.5,0.329,26.41,
2026-01-20T15:46:00,INC-005,api-gateway,20.37,36.90,395.77,187.2,0.440,,164.9
2026-01-20T15:46:00,INC-005,database,29.61,64.81,1295.60,2.2,0.025,34.84,
2026-01-20T15:46:00,INC-005,inventory-service,16.52,36.94,147.10,36.5,0.371,21.28,86.0
2026-01-20T15:46:00,INC-005,orders-api,26.62,42.93,155.15,113.4,0.461,17.97,77.9
2026-01-20T15:46:00,INC-005,payment-api,28.63,46.39,33.19,229.1,0.279,39.48,160.5
2026-01-20T15:46:00,INC-005,recommendation-service,42.57,49.44,237.40,90.1,0.338,28.17,
