incident_id,scenario,service,root_cause_service,severity,start_time,end_time,duration_minutes,log_records,metric_rows
INC-001,DOWNSTREAM_SERVICE_TIMEOUT,orders-api,inventory-service,MEDIUM,2026-01-09T01:01:41,2026-01-09T01:48:24,46.7,3206,984
INC-002,DOWNSTREAM_SERVICE_TIMEOUT,payment-api,acquirer-gateway,MEDIUM,2026-01-11T20:06:27,2026-01-11T20:29:42,23.2,2178,1014
INC-003,DB_CONNECTION_POOL_EXHAUSTION,recommendation-service,recommendation-service,CRITICAL,2026-01-15T21:24:01,2026-01-15T21:54:55,30.9,3012,930
INC-004,MEMORY_LEAK,inventory-service,inventory-service,HIGH,2026-01-19T12:45:21,2026-01-19T13:25:34,40.2,3336,930
INC-005,DB_CONNECTION_POOL_EXHAUSTION,orders-api,orders-api,CRITICAL,2026-01-20T14:32:29,2026-01-20T15:19:15,46.8,4297,1086
INC-006,DB_CONNECTION_POOL_EXHAUSTION,inventory-service,inventory-service,HIGH,2026-01-23T19:03:14,2026-01-23T19:47:20,44.1,3825,930
INC-007,DB_CONNECTION_POOL_EXHAUSTION,orders-api,orders-api,MEDIUM,2026-01-27T12:33:56,2026-01-27T13:24:05,50.1,3571,1242
INC-008,MEMORY_LEAK,api-gateway,orders-api,MEDIUM,2026-01-28T12:41:16,2026-01-28T13:10:40,29.4,1995,900
INC-009,DOWNSTREAM_SERVICE_TIMEOUT,api-gateway,recommendation-service,MEDIUM,2026-01-31T11:56:59,2026-01-31T12:28:57,32.0,4131,1062
INC-010,MEMORY_LEAK,recommendation-service,recommendation-service,CRITICAL,2026-02-02T21:38:52,2026-02-02T22:26:39,47.8,3597,1092
INC-011,DB_CONNECTION_POOL_EXHAUSTION,payment-api,payment-api,HIGH,2026-02-03T06:18:15,2026-02-03T06:41:59,23.7,2833,798
INC-012,DB_CONNECTION_POOL_EXHAUSTION,orders-api,inventory-service,HIGH,2026-02-04T17:59:42,2026-02-04T18:42:27,42.8,3461,858
INC-013,MEMORY_LEAK,api-gateway,payment-api,MEDIUM,2026-02-07T18:19:41,2026-02-07T18:53:26,33.8,1654,786
INC-014,NORMAL,inventory-service,,LOW,2026-02-10T09:43:32,2026-02-10T10:23:16,39.7,1592,834
INC-015,DB_CONNECTION_POOL_EXHAUSTION,recommendation-service,recommendation-service,CRITICAL,2026-02-11T21:54:11,2026-02-11T22:13:28,19.3,2458,726
INC-016,DOWNSTREAM_SERVICE_TIMEOUT,api-gateway,recommendation-service,MEDIUM,2026-02-15T12:03:21,2026-02-15T12:40:42,37.4,2664,942
INC-017,MEMORY_LEAK,recommendation-service,recommendation-service,CRITICAL,2026-02-17T21:23:46,2026-02-17T21:44:52,21.1,2282,996
INC-018,MEMORY_LEAK,payment-api,payment-api,LOW,2026-02-18T11:29:51,2026-02-18T11:49:34,19.7,2092,1008
INC-019,NORMAL,payment-api,,LOW,2026-02-21T15:35:58,2026-02-21T15:57:47,21.8,1834,936
INC-020,MEMORY_LEAK,recommendation-service,recommendation-service,HIGH,2026-02-22T07:13:11,2026-02-22T07:47:24,34.2,1984,882
INC-021,NORMAL,api-gateway,,LOW,2026-02-23T06:36:53,2026-02-23T06:44:25,7.5,1828,810
INC-022,DOWNSTREAM_SERVICE_TIMEOUT,orders-api,payment-api,HIGH,2026-02-24T14:21:53,2026-02-24T14:44:27,22.6,2122,654
INC-023,MEMORY_LEAK,inventory-service,inventory-service,CRITICAL,2026-02-25T15:52:19,2026-02-25T16:51:26,59.1,3920,1314
INC-024,DB_CONNECTION_POOL_EXHAUSTION,payment-api,payment-api,HIGH,2026-02-26T19:46:00,2026-02-26T20:11:47,25.8,2846,1068
INC-025,DOWNSTREAM_SERVICE_TIMEOUT,inventory-service,warehouse-api,HIGH,2026-02-27T08:40:53,2026-02-27T09:14:18,33.4,2783,1140
INC-026,DB_CONNECTION_POOL_EXHAUSTION,orders-api,orders-api,CRITICAL,2026-03-01T14:30:12,2026-03-01T14:56:37,26.4,3232,1062
INC-027,DB_CONNECTION_POOL_EXHAUSTION,recommendation-service,recommendation-service,MEDIUM,2026-03-05T17:41:53,2026-03-05T18:21:08,39.3,3241,1146
INC-028,MEMORY_LEAK,orders-api,orders-api,MEDIUM,2026-03-06T13:02:46,2026-03-06T13:27:51,25.1,1853,882
INC-029,NORMAL,inventory-service,,MEDIUM,2026-03-07T10:28:10,2026-03-07T10:58:04,29.9,2354,978
INC-030,DOWNSTREAM_SERVICE_TIMEOUT,payment-api,acquirer-gateway,CRITICAL,2026-03-08T14:23:11,2026-03-08T14:53:44,30.6,4714,1134
INC-031,DOWNSTREAM_SERVICE_TIMEOUT,orders-api,inventory-service,CRITICAL,2026-03-09T20:12:30,2026-03-09T20:52:56,40.4,1998,876
INC-032,DOWNSTREAM_SERVICE_TIMEOUT,inventory-service,warehouse-api,MEDIUM,2026-03-12T09:37:43,2026-03-12T10:18:25,40.7,4209,1110
INC-033,NORMAL,orders-api,,LOW,2026-03-13T22:46:32,2026-03-13T23:19:32,33.0,1782,1056
INC-034,MEMORY_LEAK,orders-api,orders-api,CRITICAL,2026-03-14T13:37:56,2026-03-14T14:25:14,47.3,3163,1248
INC-035,DOWNSTREAM_SERVICE_TIMEOUT,orders-api,inventory-service,HIGH,2026-03-16T20:22:14,2026-03-16T20:54:45,32.5,2205,840
